full_domain,tld,full_domain_length,domain_length,has_subdomain,subdomain_length,subdomains_count,avg_subdomain_length,entropy_of_domain,avg_entropy_of_subdomains,alphanumeric_ratio,numeric_ratio,special_char_ratio,label,ipv4_address,A_response_country_code,has_AAAA_response,ipv6_address,AAAA_response_country_code,has_TXT_response,has_MX_response,has_NS_response,number_of_TXT_responses,number_of_MX_responses,number_of_NS_responses,NS__001,NS__002,NS__003,NS__004,NS__005,NS__006,NS__007,NS__008,creation_date,last_updated_date,expiration_date,organization_name,has_organization_name
wikimedia.org,org,13,9,0,0,0.0,0.0,3.334679141051595,0.0,0.9230769230769231,0.0,0.0,0,103.102.166.224,US,1,2001:df2:e500:ed1a::1,US,1,1,1,5,2,3,ns0.wikimedia.org.,ns1.wikimedia.org.,ns2.wikimedia.org.,,,,,,2003-03-16 08:22:47,2023-08-10 15:53:36,2024-03-16 08:22:47,"Wikimedia Foundation, Inc.",1.0
reddit.com,com,10,6,0,0,0.0,0.0,3.1219280948873624,0.0,0.9,0.0,0.0,0,151.101.129.140,US,1,2a04:4e42:600::396,US,1,1,1,15,5,4,ns-1029.awsdns-00.org.,ns-1887.awsdns-43.co.uk.,ns-378.awsdns-47.com.,ns-557.awsdns-05.net.,,,,,2005-04-29 17:59:19,"['2022-03-28 09:30:06', '2022-03-28 09:30:07']",2024-04-29 17:59:19,Reddit Inc.,1.0
yahooapis.com,com,13,9,0,0,0.0,0.0,3.180832987205441,0.0,0.9230769230769231,0.0,0.0,0,13.251.69.97,US,0,,,0,1,1,0,1,5,ns5.yahoo.com.,ns3.yahoo.com.,ns1.yahoo.com.,ns2.yahoo.com.,ns4.yahoo.com.,,,,2006-01-31 21:23:03,"['2022-12-30 09:08:59', '2023-06-13 21:22:32']",2024-01-31 21:23:03,Yahoo Assets LLC,1.0
mathtag.com,com,11,7,0,0,0.0,0.0,2.9139770731827523,0.0,0.9090909090909091,0.0,0.0,0,74.121.140.207,US,0,,,1,1,1,4,1,4,dns3.p01.nsone.net.,dns2.p01.nsone.net.,dns4.p01.nsone.net.,dns1.p01.nsone.net.,,,,,2007-12-13 20:23:30,2023-11-28 15:21:12,2024-12-13 20:23:30,Contact Privacy Inc. Customer 0140394076,1.0
blogspot.com,com,12,8,0,0,0.0,0.0,3.188721875540867,0.0,0.9166666666666666,0.0,0.0,0,142.250.192.73,US,1,2404:6800:4007:824::2009,AU,1,0,1,1,0,4,ns4.google.com.,ns3.google.com.,ns1.google.com.,ns2.google.com.,,,,,2000-07-31 21:38:58,2023-06-29 10:00:58,2024-07-31 21:38:58,Google LLC,1.0
servmill.com,com,12,8,0,0,0.0,0.0,3.2516291673878226,0.0,0.9166666666666666,0.0,0.0,1,76.223.67.189,US,0,,,0,0,1,0,0,2,ns74.domaincontrol.com.,ns73.domaincontrol.com.,,,,,,,2022-12-07 20:43:29,"['2023-12-11 13:26:01', '2022-12-07 15:43:30']",2024-12-07 20:43:29,"Domains By Proxy, LLC",1.0
cloudflare.com,com,14,10,0,0,0.0,0.0,3.378783493486176,0.0,0.9285714285714286,0.0,0.0,0,104.16.132.229,US,1,2606:4700::6810:84e5,US,1,1,1,18,4,5,ns3.cloudflare.com.,ns4.cloudflare.com.,ns5.cloudflare.com.,ns6.cloudflare.com.,ns7.cloudflare.com.,,,,2009-02-17 22:07:54,"['2017-05-24 17:44:01', '2021-09-27 15:18:45']",2024-02-17 22:07:54,DATA REDACTED,1.0
tribalfusion.com,com,16,12,0,0,0.0,0.0,3.75,0.0,0.9375,0.0,0.0,0,204.11.109.195,US,0,,,1,1,1,4,2,2,mike.ns.cloudflare.com.,teresa.ns.cloudflare.com.,,,,,,,1998-09-11 04:00:00,2023-09-11 04:01:52,2033-09-10 04:00:00,,0.0
pointroll.com,com,13,9,0,0,0.0,0.0,3.180832987205441,0.0,0.9230769230769231,0.0,0.0,0,18.209.203.40,US,0,,,0,0,1,0,0,4,ns-1425.awsdns-50.org.,ns-1945.awsdns-51.co.uk.,ns-448.awsdns-56.com.,ns-625.awsdns-14.net.,,,,,2000-03-03 01:13:20,"['2023-07-02 19:45:50', '2023-03-03 10:46:42']",2024-03-03 01:13:20,"Domains By Proxy, LLC",1.0
portalroms.com,com,14,10,0,0,0.0,0.0,3.182005814760214,0.0,0.9285714285714286,0.0,0.0,1,50.116.87.63,US,0,,,1,1,1,1,1,2,ns833.hostgator.com.br.,ns832.hostgator.com.br.,,,,,,,2013-10-13 21:06:05,"['2021-02-26 15:15:04', '2021-02-26 15:15:05']",2026-10-13 21:06:05,Atuati e Batimarchi advogados,1.0
viber.com,com,9,5,0,0,0.0,0.0,3.169925001442312,0.0,0.8888888888888888,0.0,0.0,0,23.9.113.186,US,1,2600:140f:6:7a8::24c5,US,1,1,1,14,5,8,dns1.p09.nsone.net.,dns2.p09.nsone.net.,dns3.p09.nsone.net.,dns4.p09.nsone.net.,ns01.viberdns.com.,ns02.viberdns.com.,ns03.viberdns.com.,ns04.viberdns.com.,1999-09-07 02:58:01,"['2022-09-15 17:19:36', '2018-09-11 09:27:42']",2028-09-07 02:58:01,"Domains By Proxy, LLC",1.0
btstatic.com,com,12,8,0,0,0.0,0.0,3.0220552088742,0.0,0.9166666666666666,0.0,0.0,0,3.132.151.49,US,0,,,0,0,1,0,0,6,ns11.constellix.com.,ns21.constellix.com.,ns31.constellix.com.,ns41.constellix.net.,ns51.constellix.net.,ns61.constellix.net.,,,2010-05-10 22:19:04,"['2022-07-12 04:31:02', '2022-07-12 00:31:05']",2025-05-10 22:19:04,"Transunion, LLC",1.0
adtech.de,de,9,6,0,0,0.0,0.0,2.725480556997868,0.0,0.8888888888888888,0.0,0.0,0,54.161.105.65,US,0,,,1,1,1,6,2,9,ns3.edgecastdns.net.,ns2.edgecastdns.net.,ns1.yahoo.com.,ns4.edgecastdns.net.,ns2.yahoo.com.,ns5.yahoo.com.,ns4.yahoo.com.,ns1.edgecastdns.net.,,2023-03-16 22:47:02,,,0.0
thq.com.au,com.au,10,3,0,0,0.0,0.0,3.1219280948873624,0.0,0.8,0.0,0.0,1,15.197.142.173,US,0,,,0,0,1,0,0,2,ns13.domaincontrol.com.,ns14.domaincontrol.com.,,,,,,,,2023-12-09 01:20:21,,,0.0
gp32.com,com,8,4,0,0,0.0,0.0,3.0,0.0,0.625,0.25,0.0,1,13.248.169.48,US,0,,,1,1,1,1,1,2,ns5.afternic.com.,ns6.afternic.com.,,,,,,,2010-05-29 19:01:13,"['2023-05-30 20:30:40', '2023-05-30 15:30:39']",2024-05-29 19:01:13,"Domains By Proxy, LLC",1.0
ubuntu.org,org,10,6,0,0,0.0,0.0,2.8464393446710154,0.0,0.9,0.0,0.0,1,69.16.230.226,US,0,,,1,1,1,1,1,2,ns2.parklogic.com.,ns1.parklogic.com.,,,,,,,2018-08-28 14:30:34,2023-10-12 14:30:58,2024-08-28 14:30:34,Domain Privacy Ltd.,1.0
amazonaws.com,com,13,9,0,0,0.0,0.0,3.0269868333592873,0.0,0.9230769230769231,0.0,0.0,0,72.21.206.80,US,0,,,1,1,1,4,1,4,ns-1321.awsdns-37.org.,ns-1670.awsdns-16.co.uk.,ns-27.awsdns-03.com.,ns-967.awsdns-56.net.,,,,,2005-08-18 02:10:45,2023-10-31 17:16:04,2025-01-16 04:59:59,"Amazon.com, Inc.",1.0
romsmania.com,com,13,9,0,0,0.0,0.0,3.0269868333592873,0.0,0.9230769230769231,0.0,0.0,1,172.67.194.209,US,1,2606:4700:3036::6815:2c2c,US,1,1,1,2,5,2,serena.ns.cloudflare.com.,dale.ns.cloudflare.com.,,,,,,,2016-07-28 01:15:11,"['2023-06-28 07:50:32', '2023-06-28 07:50:32']",2024-07-28 01:15:11,Privacy service provided by Withheld for Privacy ehf,1.0
bureauxcope.casa,casa,16,11,0,0,0.0,0.0,3.327819531114783,0.0,0.9375,0.0,0.0,1,142.91.159.71,NL,0,,,0,0,0,0,0,0,,,,,,,,,,,,,0.0
yashi.com,com,9,5,0,0,0.0,0.0,3.169925001442312,0.0,0.8888888888888888,0.0,0.0,0,208.78.169.232,US,0,,,1,1,1,2,5,2,dns1.cscdns.net.,dns2.cscdns.net.,,,,,,,1996-01-18 05:00:00,"['2023-03-28 05:08:27', '2023-03-28 01:08:27']",2024-04-02 03:59:59,Nexstar Media Group,1.0
netsolssl.com,com,13,9,0,0,0.0,0.0,3.0269868333592873,0.0,0.9230769230769231,0.0,0.0,0,91.199.212.139,GB,0,,,0,1,1,0,1,2,heidi.ns.cloudflare.com.,rex.ns.cloudflare.com.,,,,,,,2005-01-31 14:43:04,2023-12-04 21:35:33,2029-01-31 14:43:04,,0.0
youtube-nocookie.com,com,20,16,0,0,0.0,0.0,3.4414460711655215,0.0,0.9,0.0,0.05263157894736842,0,142.250.205.238,US,1,2404:6800:4007:82d::200e,AU,1,1,1,1,1,4,ns1.google.com.,ns2.google.com.,ns4.google.com.,ns3.google.com.,,,,,2009-01-23 20:25:05,2022-12-22 09:24:47,2024-01-23 20:25:05,Google LLC,1.0
utorrent.com,com,12,8,0,0,0.0,0.0,3.084962500721156,0.0,0.9166666666666666,0.0,0.0,0,98.143.146.7,US,0,,,1,1,1,5,5,5,ns3.utorrent.com.,ens-05.bittorrent.com.,ns1.utorrent.com.,ns2.utorrent.com.,ens-06.bittorrent.com.,,,,2004-10-12 18:13:12,"['2023-09-28 02:39:43', '2023-09-27 21:39:41']",2026-10-12 18:13:12,"Domains By Proxy, LLC",1.0
ivansaru.418.com1.ru,ru,20,4,1,12,2.0,5.5,3.684183719779189,2.167481250360578,0.65,0.2,0.0,1,80.78.250.26,RU,1,2a03:4900:0:6037:80:78:250:26,RU,0,1,0,0,1,0,,,,,,,,,2000-02-29 13:17:10,,2024-03-31 21:00:00,"REG.RU, Ltd",1.0
rameattot.com,com,13,9,0,0,0.0,0.0,2.873140679513133,0.0,0.9230769230769231,0.0,0.0,1,3.64.163.50,US,0,,,0,0,1,0,0,2,ns1.dan.com.,ns2.dan.com.,,,,,,,2020-01-14 14:05:18,2023-02-15 12:57:00,2024-01-14 14:05:18,,0.0
msn.com,com,7,3,0,0,0.0,0.0,2.521640636343318,0.0,0.8571428571428571,0.0,0.0,0,204.79.197.219,US,0,,,1,1,1,6,1,5,ns1-204.azure-dns.com.,ns2-204.azure-dns.net.,ns3-204.azure-dns.org.,ns4-204.azure-dns.info.,dns2.p09.nsone.net.,,,,1994-11-10 05:00:00,2023-05-03 11:39:17,2024-06-04 16:44:29,Microsoft Corporation,1.0
wikipedia.org,org,13,9,0,0,0.0,0.0,3.334679141051595,0.0,0.9230769230769231,0.0,0.0,0,103.102.166.224,US,1,2001:df2:e500:ed1a::1,US,1,1,1,3,2,3,ns0.wikimedia.org.,ns1.wikimedia.org.,ns2.wikimedia.org.,,,,,,2001-01-13 00:12:14,2023-12-12 09:17:46,2025-01-13 00:12:14,"Wikimedia Foundation, Inc.",1.0
test-iq.org,org,11,7,0,0,0.0,0.0,3.277613436819116,0.0,0.8181818181818182,0.0,0.1,1,104.26.6.208,US,1,2606:4700:8d98:3061:d5d9:502:59d9:481b,US,1,1,1,2,5,2,margo.ns.cloudflare.com.,angela.ns.cloudflare.com.,,,,,,,2014-03-15 17:07:14,2023-07-20 03:43:08,2024-03-15 17:07:14,"Domains By Proxy, LLC",1.0
bittorrent.com,com,14,10,0,0,0.0,0.0,3.182005814760214,0.0,0.9285714285714286,0.0,0.0,0,98.143.146.7,US,0,,,1,1,1,8,7,6,dns-03.bittorrent.com.,dns-02.bittorrent.com.,ns3.utorrent.com.,ns1.utorrent.com.,ns2.utorrent.com.,ens-06.bittorrent.com.,,,2001-08-13 17:29:30,"['2023-07-14 04:29:39', '2023-07-14 04:29:41']",2024-08-13 17:29:30,BitTorrent Inc,1.0
wp.com,com,6,2,0,0,0.0,0.0,2.584962500721156,0.0,0.8333333333333334,0.0,0.0,0,192.0.78.25,US,0,,,1,1,1,1,2,3,ns3.automattic.com.,ns1.automattic.com.,ns2.automattic.com.,,,,,,1997-03-28 05:00:00,2021-02-25 10:26:46,2024-03-29 04:00:00,"Automattic, Inc.",1.0
adtechus.com,com,12,8,0,0,0.0,0.0,3.418295834054489,0.0,0.9166666666666666,0.0,0.0,0,44.228.206.170,US,0,,,1,1,1,6,2,9,ns4.edgecastdns.net.,ns1.edgecastdns.net.,ns5.yahoo.com.,ns1.yahoo.com.,ns3.edgecastdns.net.,ns3.yahoo.com.,ns2.edgecastdns.net.,ns4.yahoo.com.,2006-10-26 11:55:40,2023-09-24 09:12:54,2024-10-26 11:55:40,Yahoo Ad Tech LLC,1.0
youtube.com,com,11,7,0,0,0.0,0.0,3.0957952550009344,0.0,0.9090909090909091,0.0,0.0,0,142.250.192.46,US,1,2404:6800:4009:828::200e,AU,1,1,1,3,1,4,ns2.google.com.,ns1.google.com.,ns4.google.com.,ns3.google.com.,,,,,2005-02-15 05:13:12,2023-01-14 09:25:19,2024-02-15 05:13:12,Google LLC,1.0
skimresources.com,com,17,13,0,0,0.0,0.0,3.2195282822995477,0.0,0.9411764705882353,0.0,0.0,0,35.190.25.30,US,0,,,1,1,1,4,5,4,ns-1402.awsdns-47.org.,ns-1785.awsdns-31.co.uk.,ns-386.awsdns-48.com.,ns-559.awsdns-05.net.,,,,,2010-07-14 15:41:49,"['2022-09-07 17:49:25', '2022-03-21 11:38:08']",2027-07-14 15:41:49,"Domains By Proxy, LLC",1.0
securemecca.com,com,15,11,0,0,0.0,0.0,2.923231428797621,0.0,0.9333333333333333,0.0,0.0,1,34.205.242.146,US,0,,,0,0,0,0,0,0,,,,,,,,,2006-10-17 21:41:27,"['2023-10-18 07:38:59', '2022-08-30 11:57:15']",2024-10-17 21:41:27,HugeDomains.com,1.0
linkedin.com,com,12,8,0,0,0.0,0.0,3.2516291673878226,0.0,0.9166666666666666,0.0,0.0,0,13.107.42.14,US,1,2620:1ec:21::14,US,1,1,1,13,4,8,dns1.p09.nsone.net.,dns2.p09.nsone.net.,dns3.p09.nsone.net.,dns4.p09.nsone.net.,ns1-42.azure-dns.com.,ns2-42.azure-dns.net.,ns3-42.azure-dns.org.,ns4-42.azure-dns.info.,2002-11-02 15:38:11,"['2023-04-28 01:00:20', '2023-11-29 19:30:42']",2024-11-02 15:38:11,LinkedIn Corporation,1.0
mozilla.com,com,11,7,0,0,0.0,0.0,2.9139770731827523,0.0,0.9090909090909091,0.0,0.0,0,44.235.246.155,US,0,,,1,1,1,15,4,4,ns5-65.akam.net.,ns7-66.akam.net.,ns4-64.akam.net.,ns1-240.akam.net.,,,,,1994-10-18 04:00:00,2023-09-15 09:57:23,2025-10-17 04:00:00,,0.0
vizu.com,com,8,4,0,0,0.0,0.0,3.0,0.0,0.875,0.0,0.0,0,52.1.198.176,US,0,,,1,1,1,2,5,4,ns-1428.awsdns-50.org.,ns-1943.awsdns-50.co.uk.,ns-297.awsdns-37.com.,ns-803.awsdns-36.net.,,,,,2002-08-05 18:11:45,2022-08-07 17:18:39,2024-08-05 18:11:45,,0.0
dreamlinux.info,info,15,10,0,0,0.0,0.0,3.640223928941852,0.0,0.9333333333333333,0.0,0.0,1,199.59.243.225,US,0,,,0,0,1,0,0,2,ns1.bodis.com.,ns2.bodis.com.,,,,,,,2023-04-20 15:15:53,2023-04-25 15:16:12,2024-04-20 15:15:53,Super domains privacy LLC,1.0
zeikvvbobop.com,com,15,11,0,0,0.0,0.0,3.3232314287976203,0.0,0.9333333333333333,0.0,0.0,1,147.182.248.211,US,0,,,0,0,1,0,0,4,ns-1418.awsdns-49.org.,ns-1930.awsdns-49.co.uk.,ns-464.awsdns-58.com.,ns-601.awsdns-11.net.,,,,,2023-11-02 09:18:41,2023-11-02 13:38:32,2024-11-02 09:18:41,Super Privacy Service LTD c/o Dynadot,1.0
feedburner.com,com,14,10,0,0,0.0,0.0,3.3248629576173574,0.0,0.9285714285714286,0.0,0.0,0,142.250.67.46,US,1,2404:6800:4009:832::200e,AU,1,1,1,1,1,4,ns3.google.com.,ns2.google.com.,ns4.google.com.,ns1.google.com.,,,,,2003-12-02 06:10:05,2023-10-31 09:55:51,2024-12-02 06:10:05,Google LLC,1.0
mozilla.org,org,11,7,0,0,0.0,0.0,3.0957952550009344,0.0,0.9090909090909091,0.0,0.0,0,44.236.72.93,US,0,,,1,1,1,5,4,4,ns4-64.akam.net.,ns5-65.akam.net.,ns1-240.akam.net.,ns7-66.akam.net.,,,,,1998-01-24 05:00:00,2023-06-01 16:43:35,2025-01-23 05:00:00,Mozilla Corporation,1.0
veruta.com,com,10,6,0,0,0.0,0.0,3.321928094887362,0.0,0.9,0.0,0.0,0,3.94.41.167,US,0,,,0,0,0,0,0,0,,,,,,,,,2002-02-13 01:59:18,"['2023-04-21 16:35:41', '2020-01-22 20:17:29']",2024-02-13 01:59:18,HugeDomains.com,1.0
fortevr.com,com,11,7,0,0,0.0,0.0,3.095795255000934,0.0,0.9090909090909091,0.0,0.0,1,13.248.169.48,US,0,,,1,1,1,1,1,2,ns5.afternic.com.,ns6.afternic.com.,,,,,,,2021-03-26 18:27:07,"['2023-03-27 11:15:16', '2023-03-27 06:15:13']",2024-03-26 18:27:07,"Domains By Proxy, LLC",1.0
mlnadvertising.com,com,18,14,0,0,0.0,0.0,3.8365916681089787,0.0,0.9444444444444444,0.0,0.0,0,172.67.199.39,US,1,2606:4700:3035::ac43:c727,US,0,0,1,0,0,2,alaric.ns.cloudflare.com.,mary.ns.cloudflare.com.,,,,,,,2021-06-24 18:17:20,"['2023-11-10 20:16:08', '2023-07-21 17:54:20']",2024-06-24 18:17:20,Privacy service provided by Withheld for Privacy ehf,1.0
openbittorrent.com,com,18,14,0,0,0.0,0.0,3.3082708345352603,0.0,0.9444444444444444,0.0,0.0,0,198.251.84.144,US,0,,,0,0,1,0,0,5,ns0.1984.is.,ns1.1984.is.,ns1.1984hosting.com.,ns2.1984.is.,ns2.1984hosting.com.,,,,2009-02-03 15:44:24,"['2021-11-28 23:04:34', '2021-11-28 23:04:33']",2024-02-03 15:44:24,REDACTED FOR PRIVACY,1.0
blogger.com,com,11,7,0,0,0.0,0.0,3.095795255000934,0.0,0.9090909090909091,0.0,0.0,0,142.250.182.233,US,1,2404:6800:4007:818::2009,AU,1,1,1,2,3,4,ns4.google.com.,ns2.google.com.,ns1.google.com.,ns3.google.com.,,,,,1999-06-22 17:44:40,2023-05-21 09:59:15,2024-06-22 17:43:51,Google LLC,1.0
facebook.com,com,12,8,0,0,0.0,0.0,3.0220552088742,0.0,0.9166666666666666,0.0,0.0,0,157.240.1.35,US,1,2a03:2880:f16b:81:face:b00c:0:25de,IE,1,1,1,5,1,4,c.ns.facebook.com.,d.ns.facebook.com.,b.ns.facebook.com.,a.ns.facebook.com.,,,,,1997-03-29 05:00:00,2023-04-26 19:04:19,2032-03-30 04:00:00,"Meta Platforms, Inc.",1.0
outbyte.com,com,11,7,0,0,0.0,0.0,3.095795255000934,0.0,0.9090909090909091,0.0,0.0,1,45.33.97.245,US,0,,,1,1,1,5,1,4,ns-1823.awsdns-35.co.uk.,ns-362.awsdns-45.com.,ns-597.awsdns-10.net.,ns-1449.awsdns-53.org.,,,,,2007-08-10 10:38:35,"['2023-08-10 08:15:37', '2023-08-10 08:15:37']",2024-08-10 10:38:35,Privacy service provided by Withheld for Privacy ehf,1.0
yadro.ru,ru,8,5,0,0,0.0,0.0,2.75,0.0,0.875,0.0,0.0,0,88.212.196.78,RU,0,,,1,1,1,1,1,2,ns.yadro.ru.,ns2.yadro.ru.,,,,,,,2000-12-19 21:00:00,,2023-12-21 21:00:00,"OOO ""Institut vozrasta""",1.0
macromedia.com,com,14,10,0,0,0.0,0.0,3.039148671903071,0.0,0.9285714285714286,0.0,0.0,0,192.150.16.118,IN,0,,,1,1,1,1,2,6,a1-217.akam.net.,a28-67.akam.net.,a13-65.akam.net.,a26-66.akam.net.,a7-64.akam.net.,a10-64.akam.net.,,,1993-05-13 04:00:00,2023-09-26 06:34:27,2024-05-14 04:00:00,Adobe Inc.,1.0
vin-plastiks.com,com,16,12,0,0,0.0,0.0,3.75,0.0,0.875,0.0,0.06666666666666667,1,162.213.255.18,US,0,,,1,1,1,2,3,2,rs35.registrar-servers.com.,rs135.registrar-servers.com.,,,,,,,2010-08-09 11:09:33,"['2023-07-11 16:43:21', '2023-07-11 16:43:21']",2024-08-09 11:09:33,Privacy service provided by Withheld for Privacy ehf,1.0
connexity.net,net,13,9,0,0,0.0,0.0,3.0269868333592873,0.0,0.9230769230769231,0.0,0.0,0,64.19.224.207,US,0,,,1,1,1,2,3,4,ns-1190.awsdns-20.org.,ns-1958.awsdns-52.co.uk.,ns-392.awsdns-49.com.,ns-961.awsdns-56.net.,,,,,2010-01-06 21:53:51,"['2023-12-06 10:07:31', '2023-12-06 10:07:32']",2025-01-06 21:53:51,"Connexity, Inc.",1.0
inside3d.com,com,12,8,0,0,0.0,0.0,3.251629167387823,0.0,0.8333333333333334,0.08333333333333333,0.0,1,205.177.122.154,US,0,,,0,0,1,0,0,2,dns1.registrar-servers.com.,dns2.registrar-servers.com.,,,,,,,1997-09-24 04:00:00,"['2023-08-22 12:52:03', '2023-08-22 12:52:03']",2024-09-23 04:00:00,Redacted for Privacy Purposes,1.0
acuityplatform.com,com,18,14,0,0,0.0,0.0,3.6143694458867563,0.0,0.9444444444444444,0.0,0.0,0,154.59.122.74,US,0,,,1,1,1,8,2,4,dns1.p01.nsone.net.,dns2.p01.nsone.net.,dns3.p01.nsone.net.,dns4.p01.nsone.net.,,,,,2011-05-27 20:25:03,2022-10-18 12:44:09,2025-05-27 20:25:03,REDACTED FOR PRIVACY,1.0
witkey.com,com,10,6,0,0,0.0,0.0,3.321928094887362,0.0,0.9,0.0,0.0,1,164.90.244.158,US,0,,,1,0,0,2,0,0,,,,,,,,,2022-10-03 18:17:24,"['2023-02-02 23:16:08', '2023-02-02 00:24:18']",2024-10-03 18:17:24,Call 1-833-878-5115,1.0
amazon.com,com,10,6,0,0,0.0,0.0,2.7219280948873625,0.0,0.9,0.0,0.0,0,54.239.28.85,US,0,,,1,1,1,21,1,8,ns1.amzndns.co.uk.,ns1.amzndns.com.,ns1.amzndns.net.,ns1.amzndns.org.,ns2.amzndns.co.uk.,ns2.amzndns.com.,ns2.amzndns.net.,ns2.amzndns.org.,1994-11-01 05:00:00,"['2023-05-16 19:03:14', '2023-05-16 18:56:31']",2024-10-31 04:00:00,"Amazon Technologies, Inc.",1.0
entrust.net,net,11,7,0,0,0.0,0.0,2.663532754804255,0.0,0.9090909090909091,0.0,0.0,0,72.140.233.41,CA,0,,,1,0,1,1,0,6,a1-15.akam.net.,a8-67.akam.net.,a12-67.akam.net.,a18-65.akam.net.,a13-67.akam.net.,a7-64.akam.net.,,,1997-07-28 04:00:00,2023-06-23 04:02:28,2024-07-27 04:00:00,Identity Protection Service,1.0
adblockerapp.com,com,16,12,0,0,0.0,0.0,3.5,0.0,0.9375,0.0,0.0,1,104.21.32.228,US,1,2606:4700:3031::6815:20e4,US,0,0,1,0,0,2,joyce.ns.cloudflare.com.,nash.ns.cloudflare.com.,,,,,,,2021-10-07 14:07:22,"['2023-10-08 07:17:03', '2021-10-07 14:08:46']",2024-10-07 14:07:22,1&1 Internet Limited,1.0
bemobtrcks.com,com,14,10,0,0,0.0,0.0,3.2359263506290334,0.0,0.9285714285714286,0.0,0.0,1,3.0.82.215,US,1,2406:da1a:f39:1602:a4b0:b8b6:ece6:ae3,US,1,0,1,1,0,4,ns-1124.awsdns-12.org.,ns-1959.awsdns-52.co.uk.,ns-26.awsdns-03.com.,ns-854.awsdns-42.net.,,,,,2020-05-25 11:33:30,2023-05-17 12:02:31,2024-05-25 11:33:30,,0.0
kelkoogroup.net,net,15,11,0,0,0.0,0.0,3.323231428797621,0.0,0.9333333333333333,0.0,0.0,1,18.65.40.20,US,0,,,0,0,1,0,0,7,ns5.markmonitor.com.,ns6.markmonitor.com.,ns7.markmonitor.com.,ns1.markmonitor.com.,ns2.markmonitor.com.,ns3.markmonitor.com.,ns4.markmonitor.com.,,2017-08-18 08:14:57,2023-07-17 10:47:24,2025-08-18 08:14:57,Jamplant Limited,1.0
brilig.com,com,10,6,0,0,0.0,0.0,3.1219280948873624,0.0,0.9,0.0,0.0,0,165.160.13.20,US,0,,,0,1,1,0,1,2,dns1.cscdns.net.,dns2.cscdns.net.,,,,,,,2005-08-25 16:58:03,"['2023-08-21 05:18:50', '2023-08-21 01:18:50']",2024-08-25 16:58:03,Dentsu International Limited,1.0
google.com.vn,com.vn,13,6,0,0,0.0,0.0,3.0269868333592873,0.0,0.8461538461538461,0.0,0.0,0,172.217.174.67,US,1,2404:6800:4007:82c::2003,AU,1,1,1,1,1,4,ns1.google.com.,ns3.google.com.,ns4.google.com.,ns2.google.com.,,,,,,,,,0.0
creative-serving.com,com,20,16,0,0,0.0,0.0,3.6841837197791887,0.0,0.9,0.0,0.05263157894736842,0,35.206.147.49,US,0,,,1,1,1,1,1,4,ns7.iponweb.net.,ns8.iponweb.net.,ns5.iponweb.net.,ns6.iponweb.net.,,,,,2008-12-10 17:09:35,2023-10-06 07:28:55,2024-12-10 17:09:35,Platform161 BV,1.0
outbrain.com,com,12,8,0,0,0.0,0.0,3.418295834054489,0.0,0.9166666666666666,0.0,0.0,0,192.82.210.254,US,0,,,1,1,1,12,7,8,dns1.p07.nsone.net.,dns2.p07.nsone.net.,dns3.p07.nsone.net.,dns4.p07.nsone.net.,ns01.oblookup.com.,ns02.oblookup.com.,ns03.oblookup.com.,ns04.oblookup.com.,2004-08-09 20:58:16,2023-06-10 06:26:10,2028-08-09 20:58:16,,0.0
iq-test.co.uk,co.uk,13,7,0,0,0.0,0.0,3.392747410448785,0.0,0.7692307692307693,0.0,0.09090909090909091,1,95.168.203.112,CZ,0,,,0,1,1,0,1,2,ns1.eurodns.com.,ns2.eurodns.com.,,,,,,,2004-03-08 00:00:00,2023-03-01 00:00:00,2024-03-08 00:00:00,,0.0
bemobtrk.com,com,12,8,0,0,0.0,0.0,3.0849625007211556,0.0,0.9166666666666666,0.0,0.0,1,3.0.82.215,US,1,2406:da18:3af:9302:218a:d776:533b:6b69,US,1,1,1,1,1,4,ns-1161.awsdns-17.org.,ns-2021.awsdns-60.co.uk.,ns-307.awsdns-38.com.,ns-603.awsdns-11.net.,,,,,2015-10-12 11:28:10,"['2023-09-12 05:53:33', '2023-09-12 05:53:33']",2024-10-12 11:28:10,Privacy service provided by Withheld for Privacy ehf,1.0
freeroms.com,com,12,8,0,0,0.0,0.0,2.918295834054489,0.0,0.9166666666666666,0.0,0.0,1,64.235.54.28,US,0,,,1,1,1,2,2,4,dns1.easydns.com.,dns2.easydns.net.,dns3.easydns.org.,dns4.easydns.info.,,,,,1999-02-13 05:00:00,2019-12-15 07:31:07,2025-02-13 05:00:00,,0.0
microsoft.com,com,13,9,0,0,0.0,0.0,3.0269868333592873,0.0,0.9230769230769231,0.0,0.0,0,20.112.250.133,US,1,2603:1030:b:3::152,US,1,1,1,16,1,4,ns1-39.azure-dns.com.,ns2-39.azure-dns.net.,ns3-39.azure-dns.org.,ns4-39.azure-dns.info.,,,,,1991-05-02 04:00:00,2023-08-18 16:15:54,2025-05-03 04:00:00,Microsoft Corporation,1.0
advertising.com,com,15,11,0,0,0.0,0.0,3.773557262275185,0.0,0.9333333333333333,0.0,0.0,0,44.228.206.170,US,0,,,1,1,1,6,2,13,ns1.edgecastdns.net.,s4ns4.advertising.com.,ns2.yahoo.com.,ns4.edgecastdns.net.,ns3.yahoo.com.,s3ns3.advertising.com.,s2ns2.advertising.com.,ns5.yahoo.com.,1998-06-08 04:00:00,2023-12-03 09:14:13,2025-01-04 20:30:14,Yahoo Ad Tech LLC,1.0
tplinkextender.net,net,18,14,0,0,0.0,0.0,3.197159723424149,0.0,0.9444444444444444,0.0,0.0,1,192.157.56.140,CA,0,,,0,0,1,0,0,2,ns1.magpiedns.com.,ns2.magpiedns.com.,,,,,,,2018-03-21 18:26:35,2023-03-26 05:08:00,2024-03-21 18:26:35,Super Privacy Service LTD c/o Dynadot,1.0
tncrun.net,net,10,6,0,0,0.0,0.0,2.6464393446710157,0.0,0.9,0.0,0.0,1,185.107.56.200,NL,0,,,0,0,1,0,0,2,ns1.chookdns.com.,ns2.chookdns.com.,,,,,,,2021-09-27 18:19:01,2022-12-27 12:57:33,2024-09-27 18:19:01,REDACTED FOR PRIVACY,1.0
tapad.com,com,9,5,0,0,0.0,0.0,2.94770277922009,0.0,0.8888888888888888,0.0,0.0,0,45.223.18.245,US,0,,,1,1,1,4,2,4,ns-1491.awsdns-58.org.,ns-1796.awsdns-32.co.uk.,ns-4.awsdns-00.com.,ns-667.awsdns-19.net.,,,,,2002-08-15 06:31:57,2023-07-14 10:41:21,2025-08-15 06:31:57,"Tapad, Inc.",1.0
bluekai.com,com,11,7,0,0,0.0,0.0,3.459431618637298,0.0,0.9090909090909091,0.0,0.0,0,158.101.24.210,US,0,,,1,1,1,8,2,4,ns-1497.awsdns-59.org.,ns-1622.awsdns-10.co.uk.,ns-164.awsdns-20.com.,ns-548.awsdns-04.net.,,,,,2007-07-06 06:09:58,2023-11-22 05:17:01,2025-07-06 06:09:58,Oracle Corporation,1.0
google-analytics.com,com,20,16,0,0,0.0,0.0,3.684183719779189,0.0,0.9,0.0,0.05263157894736842,1,142.250.77.196,US,1,2404:6800:4002:813::2004,AU,1,0,1,1,0,4,ns4.google.com.,ns3.google.com.,ns1.google.com.,ns2.google.com.,,,,,2005-07-18 19:24:32,2023-06-16 09:49:15,2024-07-18 19:24:32,Google LLC,1.0
appsflyer.com,com,13,9,0,0,0.0,0.0,3.5465935642949384,0.0,0.9230769230769231,0.0,0.0,0,34.226.164.170,US,0,,,1,1,1,15,5,4,ns-1429.awsdns-50.org.,ns-1547.awsdns-01.co.uk.,ns-326.awsdns-40.com.,ns-659.awsdns-18.net.,,,,,2011-05-09 17:14:03,"['2023-12-11 10:13:16', '2023-12-11 05:13:13']",2033-05-09 17:14:03,"Domains By Proxy, LLC",1.0
jquery.com,com,10,6,0,0,0.0,0.0,3.321928094887362,0.0,0.9,0.0,0.0,0,104.18.213.12,US,1,2606:4700:91b0:d0a4:773b:4c1:6812:d40c,US,1,1,1,2,7,2,george.ns.cloudflare.com.,lara.ns.cloudflare.com.,,,,,,,2005-12-10 23:01:26,"['2023-12-09 08:27:09', '2023-11-10 09:00:04']",2024-12-08 16:05:47,REDACTED FOR PRIVACY,1.0
balvalur.com,com,12,8,0,0,0.0,0.0,3.2516291673878226,0.0,0.9166666666666666,0.0,0.0,1,23.109.248.118,NL,0,,,0,0,0,0,0,0,,,,,,,,,2019-03-19 10:41:43,2023-02-27 14:33:35,2024-03-19 10:41:43,GLOBAL DOMAIN PRIVACY SERVICES INC,1.0
doubleverify.com,com,16,12,0,0,0.0,0.0,3.75,0.0,0.9375,0.0,0.0,0,192.0.66.192,US,0,,,1,1,1,21,2,14,frcp-dv-dc02.doubleverify.prod.,a22-67.akam.net.,sgcp-dv-dc01.doubleverify.prod.,a9-67.akam.net.,a1-158.akam.net.,frcp-dv-dc01.doubleverify.prod.,sgcp-dv-dc02.doubleverify.prod.,nycp-dns01.doubleverify.prod.,2007-08-18 10:59:21,"['2022-09-04 14:03:58', '2019-08-02 12:35:19']",2024-08-18 10:59:21,"Domains By Proxy, LLC",1.0
creativecommons.org,org,19,15,0,0,0.0,0.0,3.5766176449086653,0.0,0.9473684210526315,0.0,0.0,0,104.20.151.16,US,1,2606:4700:91b5:a2bd:823b:4c2:6814:9610,US,1,1,1,3,8,2,fiona.ns.cloudflare.com.,isaac.ns.cloudflare.com.,,,,,,,2001-01-15 16:51:44,2022-12-20 15:03:12,2024-01-15 16:51:44,Creative Commons Corporation,1.0
abmr.net,net,8,4,0,0,0.0,0.0,3.0,0.0,0.875,0.0,0.0,0,23.211.227.110,US,0,,,0,0,1,0,0,7,ns1-61.akam.net.,ns1-122.akam.net.,eur2.akam.net.,use1.akam.net.,asia2.akam.net.,ns1-127.akam.net.,usc1.akam.net.,,2006-06-27 13:39:52,"['2022-04-11 16:44:22', '2022-04-11 18:10:45']",2024-06-27 13:39:52,"Akamai Technologies, Inc.",1.0
adroll.com,com,10,6,0,0,0.0,0.0,2.9219280948873623,0.0,0.9,0.0,0.0,0,151.101.2.133,US,0,,,1,1,1,17,7,4,dns1.p02.nsone.net.,dns2.p02.nsone.net.,dns3.p02.nsone.net.,dns4.p02.nsone.net.,,,,,2004-10-13 06:29:43,"['2023-10-14 15:31:24', '2023-10-14 10:31:22']",2024-10-13 06:29:43,"Domains By Proxy, LLC",1.0
ns513726.ip-192-99-148.net,net,26,13,1,8,1.0,8.0,3.9210296217376146,3.0,0.2692307692307692,0.5384615384615384,0.125,1,192.99.148.26,CA,0,,,0,0,0,0,0,0,,,,,,,,,2014-05-14 16:39:43,2023-05-15 07:22:29,2024-05-14 16:39:43,Hebergement OVH Inc.,1.0
globalsign.net,net,14,10,0,0,0.0,0.0,3.3787834934861767,0.0,0.9285714285714286,0.0,0.0,0,45.87.79.132,BE,0,,,1,0,1,4,0,8,dns1.p07.nsone.net.,dns2.p07.nsone.net.,dns3.p07.nsone.net.,dns4.p07.nsone.net.,ns01.globalsigndns.com.,ns02.globalsigndns.com.,ns03.globalsigndns.com.,ns04.globalsigndns.com.,1998-02-18 05:00:00,"['2023-07-13 22:11:43', '2023-02-11 05:29:27']",2024-02-17 05:00:00,Whois Privacy (enumDNS dba),1.0
ps1games.online,online,15,8,0,0,0.0,0.0,3.506890595608519,0.0,0.8666666666666667,0.06666666666666667,0.0,1,89.116.147.96,LT,1,2a02:4780:27:1034:0:6b3:20d5:f,CY,1,1,1,1,2,2,ns2.dns-parking.com.,ns1.dns-parking.com.,,,,,,,2018-08-07 17:09:30,"['2023-08-31 16:51:20', '2023-02-21 16:56:12']",2025-08-07 23:59:59,,0.0
criteo.net,net,10,6,0,0,0.0,0.0,2.9219280948873623,0.0,0.9,0.0,0.0,0,178.250.1.40,FR,1,2a02:2638:3::29,FR,1,1,1,3,1,2,ns1.criteo.com.,ns2.criteo.com.,,,,,,,2005-06-17 17:39:18,"['2023-09-08 13:22:08', '2023-09-08 11:42:27']",2024-06-17 17:39:18,CRITEO TECHNOLOGY,1.0
outlookabsorb.com,com,17,13,0,0,0.0,0.0,3.286895754518763,0.0,0.9411764705882353,0.0,0.0,1,172.255.103.173,NL,0,,,0,0,0,0,0,0,,,,,,,,,2018-04-05 10:58:56,2023-03-10 12:16:18,2024-04-05 10:58:56,GLOBAL DOMAIN PRIVACY SERVICES INC,1.0
gwallet.com,com,11,7,0,0,0.0,0.0,3.2776134368191165,0.0,0.9090909090909091,0.0,0.0,0,74.118.186.65,US,0,,,1,1,1,2,7,4,dns1.p01.nsone.net.,dns2.p01.nsone.net.,dns3.p01.nsone.net.,dns4.p01.nsone.net.,,,,,2008-03-21 18:44:48,"['2022-09-16 19:57:34', '2021-03-22 13:23:43']",2024-03-21 18:44:48,"Domains By Proxy, LLC",1.0
gravatar.com,com,12,8,0,0,0.0,0.0,3.0220552088742005,0.0,0.9166666666666666,0.0,0.0,0,192.0.80.240,US,0,,,1,1,1,3,2,3,ns2.automattic.com.,ns1.automattic.com.,ns3.automattic.com.,,,,,,2004-07-15 20:57:48,2023-06-13 09:35:39,2025-07-15 20:57:48,"Automattic, Inc.",1.0
willyousurvive.com,com,18,14,0,0,0.0,0.0,3.6143694458867563,0.0,0.9444444444444444,0.0,0.0,1,172.67.131.11,US,1,2606:4700:3030::6815:9dc,US,1,0,1,1,0,2,aisha.ns.cloudflare.com.,bill.ns.cloudflare.com.,,,,,,,2013-03-06 19:19:32,"['2023-03-07 12:02:39', '2023-03-07 07:02:37']",2024-03-06 19:19:32,"Domains By Proxy, LLC",1.0
optimizely.com,com,14,10,0,0,0.0,0.0,3.378783493486176,0.0,0.9285714285714286,0.0,0.0,0,217.114.94.2,SE,0,,,1,1,1,21,2,2,doug.ns.cloudflare.com.,harmony.ns.cloudflare.com.,,,,,,,2010-01-11 03:01:32,"['2023-01-11 12:32:17', '2023-01-11 07:32:15']",2024-01-11 03:01:32,"Domains By Proxy, LLC",1.0
officialiqtests.com,com,19,15,0,0,0.0,0.0,3.471354487013929,0.0,0.9473684210526315,0.0,0.0,1,172.66.40.192,US,1,2606:4700:8d9b:623f:12d9:505:df24:8a15,US,1,1,1,4,2,2,doug.ns.cloudflare.com.,ursula.ns.cloudflare.com.,,,,,,,2015-11-09 10:47:15,2021-10-18 09:53:32,2030-11-09 10:47:15,,0.0
amung.us,us,8,5,0,0,0.0,0.0,2.75,0.0,0.875,0.0,0.0,0,172.67.8.141,US,1,2606:4700:91b6:50d6:a540:5e8:753b:adbc,US,1,1,1,2,7,2,jaxson.ns.cloudflare.com.,violet.ns.cloudflare.com.,,,,,,,2007-03-18 04:55:43,2021-11-13 20:29:01,2027-03-17 23:59:59,,0.0
goo.gl,gl,6,3,0,0,0.0,0.0,1.9182958340544896,0.0,0.8333333333333334,0.0,0.0,0,142.250.192.14,US,1,2404:6800:4009:827::200e,AU,1,0,1,2,0,4,ns4.google.com.,ns1.google.com.,ns2.google.com.,ns3.google.com.,,,,,,,,,0.0
statcounter.com,com,15,11,0,0,0.0,0.0,3.3232314287976203,0.0,0.9333333333333333,0.0,0.0,0,104.20.95.138,US,0,,,1,1,1,5,2,2,may.ns.cloudflare.com.,tim.ns.cloudflare.com.,,,,,,,2000-01-05 19:19:20,"['2023-12-06 10:41:11', '2023-12-06 10:41:11']",2025-01-05 19:19:20,StatCounter,1.0
teamviewer.com,com,14,10,0,0,0.0,0.0,3.3248629576173574,0.0,0.9285714285714286,0.0,0.0,0,13.95.16.245,US,0,,,1,1,1,21,2,5,tv-ns2.teamviewer.com.,tv-ns1.teamviewer.com.,tv-ns4.teamviewer.com.,tv-ns3.teamviewer.com.,tv-ns5.teamviewer.com.,,,,2004-09-21 19:51:51,2023-09-22 07:34:10,2024-09-21 19:51:51,REDACTED FOR PRIVACY,1.0
taboola.com,com,11,7,0,0,0.0,0.0,2.8453509366224368,0.0,0.9090909090909091,0.0,0.0,0,151.101.130.132,US,1,2a04:4e42:200::644,US,1,1,1,3,7,8,dns1.p05.nsone.net.,dns2.p05.nsone.net.,dns3.p05.nsone.net.,dns4.p05.nsone.net.,ns01.dnsfaster.com.,ns02.dnsfaster.com.,ns03.dnsfaster.com.,ns04.dnsfaster.com.,2007-02-23 22:21:41,2022-02-23 09:40:53,2031-02-23 22:21:41,Not Disclosed,1.0
jumptap.com,com,11,7,0,0,0.0,0.0,3.0957952550009344,0.0,0.9090909090909091,0.0,0.0,0,13.50.184.192,US,0,,,1,1,1,4,2,5,ns4.yahoo.com.,ns1.yahoo.com.,ns2.yahoo.com.,ns3.yahoo.com.,ns5.yahoo.com.,,,,2005-06-16 20:36:56,2023-05-15 09:13:25,2024-06-16 20:36:56,Yahoo Ad Tech LLC,1.0
newrelic.com,com,12,8,0,0,0.0,0.0,3.2516291673878226,0.0,0.9166666666666666,0.0,0.0,0,151.101.2.217,US,0,,,1,1,1,21,3,8,dns1.p07.nsone.net.,dns2.p07.nsone.net.,dns3.p07.nsone.net.,dns4.p07.nsone.net.,ns01.nr-dns.net.,ns02.nr-dns.net.,ns03.nr-dns.net.,ns04.nr-dns.net.,2006-04-19 18:38:10,"['2023-06-07 05:01:44', '2023-06-07 06:01:43']",2025-04-19 18:38:10,,0.0
exponential.com,com,15,11,0,0,0.0,0.0,3.5068905956085183,0.0,0.9333333333333333,0.0,0.0,0,35.244.222.39,US,0,,,1,1,1,8,2,2,mike.ns.cloudflare.com.,teresa.ns.cloudflare.com.,,,,,,,1995-10-11 04:00:00,"['2023-10-10 04:02:56', '2023-10-10 04:58:48']",2033-10-10 04:00:00,,0.0
mopub.com,com,9,5,0,0,0.0,0.0,2.725480556997868,0.0,0.8888888888888888,0.0,0.0,0,34.111.170.5,US,0,,,1,1,1,5,3,4,ns-cloud-d4.googledomains.com.,ns-cloud-d3.googledomains.com.,ns-cloud-d2.googledomains.com.,ns-cloud-d1.googledomains.com.,,,,,2009-02-25 20:06:04,"['2023-02-21 06:04:51', '2023-02-21 01:04:51']",2024-02-25 20:06:04,MoPub Inc.,1.0
adsafeprotected.com,com,19,15,0,0,0.0,0.0,3.4713544870139286,0.0,0.9473684210526315,0.0,0.0,0,69.172.216.62,CA,0,,,0,1,1,0,2,4,dns1.p05.nsone.net.,dns2.p05.nsone.net.,dns3.p05.nsone.net.,dns4.p05.nsone.net.,,,,,2010-04-01 19:21:11,2023-03-01 09:39:47,2025-04-01 19:21:11,"Integral Ad Science, Inc.",1.0
verisign.com,com,12,8,0,0,0.0,0.0,3.4182958340544896,0.0,0.9166666666666666,0.0,0.0,0,72.13.63.40,US,1,2620:74:13:3000::40,US,1,1,1,7,6,4,av3.nstld.com.,av1.nstld.com.,av4.nstld.com.,av2.nstld.com.,,,,,1995-06-02 04:00:00,"['2023-08-03 16:16:35', '2023-05-28 01:09:05']",2024-06-01 04:00:00,"VeriSign, Inc.",1.0
parse.com,com,9,5,0,0,0.0,0.0,3.169925001442312,0.0,0.8888888888888888,0.0,0.0,0,157.240.1.13,US,1,2a03:2880:f071:e:face:b00c:0:2,IE,1,1,1,2,2,4,b.ns.facebook.com.,a.ns.facebook.com.,c.ns.facebook.com.,d.ns.facebook.com.,,,,,1994-04-08 04:00:00,2023-05-30 04:16:48,2026-04-09 04:00:00,"Meta Platforms, Inc.",1.0
murallyhuashi.casa,casa,18,13,0,0,0.0,0.0,3.2810361125534233,0.0,0.9444444444444444,0.0,0.0,1,172.255.103.170,NL,0,,,0,0,0,0,0,0,,,,,,,,,,,,,0.0
triggit.com,com,11,7,0,0,0.0,0.0,2.9139770731827523,0.0,0.9090909090909091,0.0,0.0,0,52.23.102.58,US,0,,,1,1,1,1,5,4,ns-107.awsdns-13.com.,ns-1391.awsdns-45.org.,ns-1569.awsdns-04.co.uk.,ns-658.awsdns-18.net.,,,,,2005-10-13 00:22:24,2022-09-18 08:49:42,2024-10-13 00:22:24,,0.0
admob.com,com,9,5,0,0,0.0,0.0,2.725480556997868,0.0,0.8888888888888888,0.0,0.0,0,74.125.24.102,US,1,2404:6800:4003:c02::8b,AU,1,1,1,1,1,4,ns3.google.com.,ns4.google.com.,ns1.google.com.,ns2.google.com.,,,,,2005-12-07 02:56:54,2023-11-05 09:49:05,2024-12-07 02:56:54,Google LLC,1.0
elfpetsic.com,com,13,9,0,0,0.0,0.0,3.3927474104487847,0.0,0.9230769230769231,0.0,0.0,1,3.64.163.50,US,0,,,0,0,1,0,0,2,ns1.dan.com.,ns2.dan.com.,,,,,,,2020-01-14 14:05:27,"['2023-02-15 11:33:10', '2023-02-14 04:53:34']",2024-01-14 14:05:27,Privacy service provided by Withheld for Privacy ehf,1.0
flashtalking.com,com,16,12,0,0,0.0,0.0,3.75,0.0,0.9375,0.0,0.0,0,104.248.231.123,US,0,,,1,1,1,8,1,4,dns1.p02.nsone.net.,dns2.p02.nsone.net.,dns3.p02.nsone.net.,dns4.p02.nsone.net.,,,,,2002-01-08 15:10:13,2023-10-10 11:26:38,2025-01-08 15:10:13,"Flashtalking, Inc.",1.0
weather.com,com,11,7,0,0,0.0,0.0,3.277613436819116,0.0,0.9090909090909091,0.0,0.0,0,23.47.234.95,US,1,2600:1417:55:1b2::2e03,US,1,1,1,21,5,6,a13-67.akam.net.,a11-66.akam.net.,a24-65.akam.net.,a10-65.akam.net.,a1-70.akam.net.,a14-64.akam.net.,,,1994-08-09 04:00:00,"['2023-01-21 06:18:25', '2023-01-21 01:18:25']",2024-01-25 15:56:59,"TWC Product and Technology, LLC",1.0
google.co.in,co.in,12,6,0,0,0.0,0.0,2.8553885422075336,0.0,0.8333333333333334,0.0,0.0,0,142.250.193.163,US,1,2404:6800:4007:821::2003,AU,1,1,1,1,1,4,ns4.google.com.,ns1.google.com.,ns2.google.com.,ns3.google.com.,,,,,2003-06-23 14:02:33,2023-05-27 10:02:07,2024-06-23 14:02:33,,0.0
rubiconproject.com,com,18,14,0,0,0.0,0.0,3.530493056757482,0.0,0.9444444444444444,0.0,0.0,0,69.194.143.123,US,0,,,1,1,1,7,5,4,ns-1150.awsdns-15.org.,ns-1722.awsdns-23.co.uk.,ns-483.awsdns-60.com.,ns-644.awsdns-16.net.,,,,,2007-05-02 02:36:31,"['2023-10-20 09:37:07', '2023-05-02 11:09:30']",2024-05-02 02:36:31,"Domains By Proxy, LLC",1.0
surveymonkey.com,com,16,12,0,0,0.0,0.0,3.5,0.0,0.9375,0.0,0.0,0,18.67.233.43,US,0,,,1,1,1,21,2,4,ns-1380.awsdns-44.org.,ns-1757.awsdns-27.co.uk.,ns-344.awsdns-43.com.,ns-588.awsdns-09.net.,,,,,1999-11-06 22:35:42,2022-10-05 09:05:32,2024-11-06 22:35:42,SurveyMonkey Inc.,1.0
icyyapemu.com,com,13,9,0,0,0.0,0.0,3.238901256602631,0.0,0.9230769230769231,0.0,0.0,1,3.64.163.50,US,0,,,0,0,1,0,0,2,ns1.dan.com.,ns2.dan.com.,,,,,,,2020-01-14 14:05:14,"['2023-02-15 12:03:40', '2023-02-14 04:53:27']",2024-01-14 14:05:14,Privacy service provided by Withheld for Privacy ehf,1.0
openx.net,net,9,5,0,0,0.0,0.0,2.725480556997868,0.0,0.8888888888888888,0.0,0.0,0,35.244.159.8,US,0,,,1,1,1,3,7,4,ns-cloud-c3.googledomains.com.,ns-cloud-c4.googledomains.com.,ns-cloud-c1.googledomains.com.,ns-cloud-c2.googledomains.com.,,,,,1996-11-09 05:00:00,2023-10-10 04:23:48,2024-11-08 05:00:00,REDACTED FOR PRIVACY,1.0
tidaltv.com,com,11,7,0,0,0.0,0.0,3.277613436819116,0.0,0.9090909090909091,0.0,0.0,0,54.224.152.221,US,0,,,1,1,1,4,1,8,ns1-194.akam.net.,ns1-25.akam.net.,usw1.akam.net.,use10.akam.net.,usw4.akam.net.,eur5.akam.net.,use1.akam.net.,asia3.akam.net.,2007-02-01 16:12:30,"['2022-09-04 10:01:17', '2022-01-19 14:00:31']",2024-05-23 11:59:59,"Amobee, Inc",1.0
kidnkid.com,com,11,7,0,0,0.0,0.0,2.913977073182752,0.0,0.9090909090909091,0.0,0.0,1,38.11.41.59,US,0,,,0,0,1,0,0,2,ns1.gname.net.,ns2.gname.net.,,,,,,,2022-04-09 18:14:21,"['2023-05-05 02:13:30', '2023-05-05 02:13:31']",2024-04-09 18:14:21,Redacted for privacy,1.0
irkantyip.com,com,13,9,0,0,0.0,0.0,3.546593564294939,0.0,0.9230769230769231,0.0,0.0,1,172.255.103.171,NL,0,,,0,0,0,0,0,0,,,,,,,,,2020-05-21 10:58:09,2023-04-13 09:02:49,2024-05-21 10:58:09,GLOBAL DOMAIN PRIVACY SERVICES INC,1.0
switchads.com,com,13,9,0,0,0.0,0.0,3.3927474104487847,0.0,0.9230769230769231,0.0,0.0,0,185.53.177.54,DE,0,,,1,1,0,1,1,0,,,,,,,,,2019-10-20 18:47:33,"['2023-10-20 11:02:03', '2023-10-20 11:02:03']",2024-10-20 18:47:33,"SiteTools, Inc.",1.0
mandriva.com,com,12,8,0,0,0.0,0.0,3.2516291673878226,0.0,0.9166666666666666,0.0,0.0,1,92.249.45.141,DE,0,,,1,1,1,2,1,2,cdns1.main-hosting.eu.,cdns2.main-hosting.eu.,,,,,,,2021-05-19 18:27:14,2023-03-15 20:13:14,2024-05-19 18:27:14,,0.0
frofanvied.com,com,14,10,0,0,0.0,0.0,3.521640636343319,0.0,0.9285714285714286,0.0,0.0,1,142.91.159.204,NL,0,,,0,0,0,0,0,0,,,,,,,,,2021-02-24 10:54:15,2022-03-23 12:37:36,2024-02-24 10:54:15,GLOBAL DOMAIN PRIVACY SERVICES INC,1.0
ssl.bblck.me,me,12,5,1,3,1.0,3.0,2.918295834054489,0.9182958340544896,0.8333333333333334,0.0,0.0,1,192.157.56.141,CA,0,,,0,0,0,0,0,0,,,,,,,,,2020-10-29 01:05:48,2023-10-14 23:55:59,2024-10-29 01:05:48,,0.0
typekit.net,net,11,7,0,0,0.0,0.0,2.8453509366224368,0.0,0.9090909090909091,0.0,0.0,0,216.146.46.10,US,0,,,1,0,1,1,0,4,ns-1367.awsdns-42.org.,ns-2019.awsdns-60.co.uk.,ns-277.awsdns-34.com.,ns-960.awsdns-56.net.,,,,,2010-08-02 05:22:06,"['2023-07-03 23:01:33', '2023-07-08 12:56:41']",2024-08-02 05:22:06,Adobe Inc.,1.0
dreamlinux.net,net,14,10,0,0,0.0,0.0,3.521640636343319,0.0,0.9285714285714286,0.0,0.0,1,45.33.23.183,US,0,,,1,1,1,1,1,2,ns1.mytrafficmanagement.com.,ns2.mytrafficmanagement.com.,,,,,,,2010-06-18 00:07:35,"['2023-04-13 03:26:46', '2023-04-12 22:26:46']",2025-06-18 00:07:35,"Domains By Proxy, LLC",1.0
afobal.cl,cl,9,6,0,0,0.0,0.0,2.725480556997868,0.0,0.8888888888888888,0.0,0.0,1,138.128.182.130,US,0,,,1,1,1,1,1,2,dns30920.dizinc.com.,dns30921.dizinc.com.,,,,,,,2007-05-01 23:07:58,,2024-05-29 18:07:58,,0.0
impact-ad.jp,jp,12,9,0,0,0.0,0.0,3.2516291673878226,0.0,0.8333333333333334,0.0,0.09090909090909091,0,151.101.193.55,US,1,2a04:4e42:400::311,US,1,0,1,3,0,4,ns-1115.awsdns-11.org.,ns-122.awsdns-15.com.,ns-1679.awsdns-17.co.uk.,ns-997.awsdns-60.net.,,,,,,,,,0.0
splitter.microxml.net,net,21,8,1,8,1.0,8.0,3.5944656369614525,2.75,0.9047619047619048,0.0,0.0,1,138.201.252.161,DE,0,,,0,0,0,0,0,0,,,,,,,,,2012-07-17 12:56:25,2023-07-18 07:12:39,2024-07-17 12:56:25,REDACTED FOR PRIVACY,1.0
witlayvet.com,com,13,9,0,0,0.0,0.0,3.546593564294939,0.0,0.9230769230769231,0.0,0.0,1,142.91.159.70,NL,0,,,0,0,0,0,0,0,,,,,,,,,2020-05-21 10:57:58,2023-04-13 09:02:49,2024-05-21 10:57:58,GLOBAL DOMAIN PRIVACY SERVICES INC,1.0
adblock.gjtech.net,net,18,6,1,7,1.0,7.0,3.7254805569978675,2.807354922057604,0.8888888888888888,0.0,0.0,1,207.244.67.214,US,0,,,0,0,0,0,0,0,,,,,,,,,2007-01-03 00:17:09,2022-12-28 07:00:35,2024-01-03 00:17:09,REDACTED FOR PRIVACY,1.0
irkerecue.com,com,13,9,0,0,0.0,0.0,3.0269868333592873,0.0,0.9230769230769231,0.0,0.0,1,3.64.163.50,US,0,,,0,0,1,0,0,2,ns1.dan.com.,ns2.dan.com.,,,,,,,2020-01-14 14:05:36,2023-02-15 12:06:52,2024-01-14 14:05:36,,0.0
googlevideo.com,com,15,11,0,0,0.0,0.0,3.106890595608518,0.0,0.9333333333333333,0.0,0.0,0,142.250.193.164,US,1,2404:6800:4009:82d::2004,AU,1,0,1,1,0,4,ns1.google.com.,ns4.google.com.,ns3.google.com.,ns2.google.com.,,,,,2003-05-25 13:35:05,"['2023-04-23 10:20:37', '2023-04-23 10:20:38']",2024-05-25 13:35:05,Google LLC,1.0
bootstrapcdn.com,com,16,12,0,0,0.0,0.0,3.452819531114783,0.0,0.9375,0.0,0.0,0,216.24.57.1,US,0,,,0,0,1,0,0,2,brenda.ns.cloudflare.com.,keenan.ns.cloudflare.com.,,,,,,,2012-05-25 22:21:19,"['2023-01-30 13:38:55', '2023-01-30 13:38:55']",2024-05-25 22:21:19,Privacy service provided by Withheld for Privacy ehf,1.0
kau.li,li,6,3,0,0,0.0,0.0,2.584962500721156,0.0,0.8333333333333334,0.0,0.0,0,217.70.184.38,FR,0,,,1,1,1,1,2,3,ns-122-c.gandi.net.,ns-112-b.gandi.net.,ns-2-a.gandi.net.,,,,,,,,,,0.0
iq-research.info,info,16,11,0,0,0.0,0.0,3.625,0.0,0.875,0.0,0.06666666666666667,1,172.67.135.18,US,1,2606:4700:3030::6815:6ae,US,0,0,1,0,0,2,reza.ns.cloudflare.com.,rudy.ns.cloudflare.com.,,,,,,,2016-01-02 11:59:09,"['2023-12-08 06:55:02', '2023-12-03 06:54:20']",2025-01-02 11:59:09,Privacy service provided by Withheld for Privacy ehf,1.0
track.vcdc.com,com,14,4,1,5,1.0,5.0,3.09306920777189,2.321928094887362,0.8571428571428571,0.0,0.0,1,167.233.8.197,DE,0,,,0,0,0,0,0,0,,,,,,,,,1996-09-21 04:00:00,"['2023-09-21 07:01:45', '2023-10-25 13:14:26']",2024-09-20 04:00:00,c/o whoisproxy.com,1.0
funeducation.com,com,16,12,0,0,0.0,0.0,3.5,0.0,0.9375,0.0,0.0,1,72.3.221.1,US,0,,,1,1,1,5,2,2,ns2.rackspace.com.,ns.rackspace.com.,,,,,,,1999-10-13 01:26:33,"['2023-11-28 05:50:38', '2023-11-28 00:50:36']",2024-12-01 11:59:59,"Domains By Proxy, LLC",1.0
roamingclicks.com,com,17,13,0,0,0.0,0.0,3.4548223999466066,0.0,0.9411764705882353,0.0,0.0,1,44.214.11.221,US,0,,,0,0,0,0,0,0,,,,,,,,,2019-07-17 08:14:29,"['2023-07-03 08:15:59', '2023-07-03 08:15:59']",2024-07-17 08:14:29,Privacy service provided by Withheld for Privacy ehf,1.0
shebaasot.com,com,13,9,0,0,0.0,0.0,3.238901256602631,0.0,0.9230769230769231,0.0,0.0,1,3.64.163.50,US,0,,,0,0,1,0,0,2,ns1.dan.com.,ns2.dan.com.,,,,,,,2020-01-14 14:05:35,"['2023-02-15 13:15:28', '2023-02-14 06:40:18']",2024-01-14 14:05:35,Privacy service provided by Withheld for Privacy ehf,1.0
fadzulani.com,com,13,9,0,0,0.0,0.0,3.5465935642949384,0.0,0.9230769230769231,0.0,0.0,1,104.42.225.122,US,0,,,0,1,1,0,1,4,NS066B.microsoftinternetsafety.net.,ns001.microsoftinternetsafety.net.,ns002.microsoftinternetsafety.net.,NS066A.microsoftinternetsafety.net.,,,,,2017-11-29 16:07:06,2023-10-28 10:42:59,2024-11-29 16:07:06,Microsoft Corporation,1.0
imgur.com,com,9,5,0,0,0.0,0.0,2.94770277922009,0.0,0.8888888888888888,0.0,0.0,0,199.232.192.193,US,0,,,1,1,1,11,5,4,dns1.p03.nsone.net.,dns2.p03.nsone.net.,dns3.p03.nsone.net.,dns4.p03.nsone.net.,,,,,2009-01-09 20:30:53,"['2022-05-22 23:13:03', '2021-03-15 06:04:08']",2027-01-09 20:30:53,Privacy service provided by Withheld for Privacy ehf,1.0
collectfasttracks.com,com,21,17,0,0,0.0,0.0,3.4039894464852614,0.0,0.9523809523809523,0.0,0.0,1,69.16.230.42,US,0,,,1,1,1,1,1,2,ns2.parklogic.com.,ns1.parklogic.com.,,,,,,,2021-05-07 18:20:48,"['2023-05-07 02:49:03', '2023-05-07 02:49:02']",2024-05-07 18:20:48,Super Privacy Service LTD c/o Dynadot,1.0
netflix.com,com,11,7,0,0,0.0,0.0,3.459431618637298,0.0,0.9090909090909091,0.0,0.0,0,18.200.8.190,US,1,2a05:d018:76c:b683:a2cd:4240:8669:6d4,IE,1,1,1,21,5,4,ns-1372.awsdns-43.org.,ns-1984.awsdns-56.co.uk.,ns-659.awsdns-18.net.,ns-81.awsdns-10.com.,,,,,1997-11-11 05:00:00,2023-10-09 11:01:36,2025-11-10 05:00:00,"Netflix, Inc.",1.0
dev-nano.com,com,12,8,0,0,0.0,0.0,3.2516291673878226,0.0,0.8333333333333334,0.0,0.09090909090909091,1,104.21.21.165,US,1,2606:4700:3037::ac43:c79f,US,0,0,1,0,0,2,gabriel.ns.cloudflare.com.,vivienne.ns.cloudflare.com.,,,,,,,2020-10-11 10:52:42,"['2023-09-27 17:28:24', '2023-09-27 17:28:24']",2024-10-11 10:52:42,Privacy service provided by Withheld for Privacy ehf,1.0
apple.com,com,9,5,0,0,0.0,0.0,2.94770277922009,0.0,0.8888888888888888,0.0,0.0,0,17.253.144.10,US,1,2620:149:af0::10,US,1,1,1,18,5,4,b.ns.apple.com.,a.ns.apple.com.,c.ns.apple.com.,d.ns.apple.com.,,,,,1987-02-19 05:00:00,"['2023-08-28 18:33:11', '2023-09-07 16:42:25']",2025-02-20 05:00:00,Apple Inc.,1.0
netseer.com,com,11,7,0,0,0.0,0.0,3.027169118440619,0.0,0.9090909090909091,0.0,0.0,0,216.239.38.21,US,0,,,1,1,1,4,1,4,ns-1248.awsdns-28.org.,ns-1570.awsdns-04.co.uk.,ns-500.awsdns-62.com.,ns-855.awsdns-42.net.,,,,,2006-08-03 18:34:48,"['2023-08-04 16:17:53', '2023-08-04 11:17:51']",2024-08-03 18:34:48,"Domains By Proxy, LLC",1.0
yopcgames.com,com,13,9,0,0,0.0,0.0,3.238901256602631,0.0,0.9230769230769231,0.0,0.0,1,172.67.159.110,US,1,2606:4700:3030::6815:426a,US,0,0,1,0,0,2,laila.ns.cloudflare.com.,frank.ns.cloudflare.com.,,,,,,,2018-08-28 04:57:12,"['2023-11-26 16:42:18', '2023-11-26 16:42:18']",2025-08-28 04:57:12,Privacy service provided by Withheld for Privacy ehf,1.0
mixpanel.com,com,12,8,0,0,0.0,0.0,3.4182958340544896,0.0,0.9166666666666666,0.0,0.0,0,34.96.97.101,US,0,,,1,1,1,18,5,4,ns-cloud-a2.googledomains.com.,ns-cloud-a1.googledomains.com.,ns-cloud-a3.googledomains.com.,ns-cloud-a4.googledomains.com.,,,,,2007-03-13 02:23:00,"['2021-05-04 18:00:03', '2018-01-25 16:16:18']",2024-03-13 02:23:00,Privacy service provided by Withheld for Privacy ehf,1.0
revsci.net,net,10,6,0,0,0.0,0.0,3.121928094887362,0.0,0.9,0.0,0.0,0,142.132.202.70,DE,0,,,0,0,1,0,0,2,ns2.namebrightdns.com.,ns1.namebrightdns.com.,,,,,,,2023-08-04 18:18:08,"['2023-08-04 19:00:36', '2023-08-04 19:00:36']",2024-08-04 18:18:08,,0.0
blogblog.com,com,12,8,0,0,0.0,0.0,2.688721875540867,0.0,0.9166666666666666,0.0,0.0,0,142.250.195.233,US,1,2404:6800:4009:810::2009,AU,1,0,1,1,0,4,ns1.google.com.,ns2.google.com.,ns4.google.com.,ns3.google.com.,,,,,2000-09-15 05:16:48,2023-08-14 09:52:36,2024-09-15 05:16:48,Google LLC,1.0
cloudyvideogame.com,com,19,15,0,0,0.0,0.0,3.5766176449086657,0.0,0.9473684210526315,0.0,0.0,1,3.33.130.190,US,0,,,0,0,1,0,0,2,ns11.domaincontrol.com.,ns12.domaincontrol.com.,,,,,,,2023-02-10 23:44:26,"['2023-02-10 23:44:26', '2023-02-10 18:44:26']",2024-02-10 23:44:26,"Domains By Proxy, LLC",1.0
qocvicklgcgr.com,com,16,12,0,0,0.0,0.0,3.25,0.0,0.9375,0.0,0.0,1,46.8.8.100,CZ,0,,,0,1,1,0,1,2,ns.parktons.com.,ns2.parktons.com.,,,,,,,2022-12-11 15:54:04,"['2023-12-12 08:21:08', '2023-12-11 00:00:00']",2024-12-11 15:54:04,Expired Expired,1.0
t.co,co,4,1,0,0,0.0,0.0,2.0,0.0,0.75,0.0,0.0,0,104.244.42.69,US,0,,,1,0,1,4,0,8,a.u06.twtrdns.net.,b.u06.twtrdns.net.,c.u06.twtrdns.net.,d.u06.twtrdns.net.,a.r06.twtrdns.net.,b.r06.twtrdns.net.,c.r06.twtrdns.net.,d.r06.twtrdns.net.,2010-04-26 07:50:40,2023-04-26 05:12:40,2024-04-25 23:59:59,"Twitter, Inc.",1.0
everythingisnt.com,com,18,14,0,0,0.0,0.0,3.7254805569978675,0.0,0.9444444444444444,0.0,0.0,1,64.190.63.111,DE,0,,,1,1,1,1,1,2,ns2.sedoparking.com.,ns1.sedoparking.com.,,,,,,,2001-10-28 08:03:29,"['2023-08-28 13:33:22', '2023-08-28 08:33:22']",2024-10-28 07:03:29,Jewella Privacy LLC Privacy ID# 844152,1.0
hacktolive.org,org,14,10,0,0,0.0,0.0,3.6644977792004623,0.0,0.9285714285714286,0.0,0.0,1,95.211.219.66,NL,0,,,1,1,1,1,1,2,ns1.hastydns.com.,ns2.hastydns.com.,,,,,,,2008-06-17 10:39:37,2023-06-14 01:51:07,2024-06-17 10:39:37,Whois Privacy Corp.,1.0
baldwhizhens.com,com,16,12,0,0,0.0,0.0,3.875,0.0,0.9375,0.0,0.0,1,142.91.159.181,NL,0,,,0,0,0,0,0,0,,,,,,,,,2021-02-03 07:14:05,2022-03-23 12:37:52,2024-02-03 07:14:05,GLOBAL DOMAIN PRIVACY SERVICES INC,1.0
ns511849.ip-192-99-19.net,net,25,12,1,8,1.0,8.0,3.5092750707107125,2.75,0.28,0.52,0.13043478260869565,1,192.99.19.4,CA,0,,,0,0,0,0,0,0,,,,,,,,,2013-07-05 16:39:22,2023-07-06 07:21:56,2024-07-05 16:39:22,Hebergement OVH Inc.,1.0
scorecardresearch.com,com,21,17,0,0,0.0,0.0,3.1182751607709753,0.0,0.9523809523809523,0.0,0.0,0,165.193.78.252,US,0,,,1,1,1,2,2,4,ns-106.awsdns-13.com.,ns-1323.awsdns-37.org.,ns-1779.awsdns-30.co.uk.,ns-905.awsdns-49.net.,,,,,2007-11-01 18:07:51,2023-09-30 09:28:33,2024-11-01 18:07:51,"TMRG, Inc",1.0
track.tkbo.com,com,14,4,1,5,1.0,5.0,3.0930692077718898,2.321928094887362,0.8571428571428571,0.0,0.0,1,104.21.94.115,US,0,,,0,0,0,0,0,0,,,,,,,,,2005-11-20 05:13:33,"['2023-11-21 08:02:20', '2023-08-22 06:04:48']",2024-11-20 05:13:33,c/o whoisproxy.com,1.0
track.traffic.club,club,18,7,1,5,1.0,5.0,3.350209029099897,2.321928094887362,0.8888888888888888,0.0,0.0,1,147.135.143.184,FR,0,,,1,0,0,1,0,0,,,,,,,,,2015-10-21 10:42:51,2023-12-05 00:00:04,2024-10-20 23:59:59,traffic.club Saarl,1.0
ensighten.com,com,13,9,0,0,0.0,0.0,3.3927474104487847,0.0,0.9230769230769231,0.0,0.0,0,18.164.144.77,US,0,,,1,1,1,4,5,4,ns-1077.awsdns-06.org.,ns-1823.awsdns-35.co.uk.,ns-325.awsdns-40.com.,ns-974.awsdns-57.net.,,,,,2009-12-22 04:45:26,2023-08-04 01:36:08,2025-12-22 04:45:26,"Ensighten, Inc.",1.0
googlesyndication.com,com,21,17,0,0,0.0,0.0,3.630412660873998,0.0,0.9523809523809523,0.0,0.0,0,142.250.183.132,US,1,2404:6800:4009:824::2004,AU,1,1,1,1,1,4,ns1.google.com.,ns4.google.com.,ns2.google.com.,ns3.google.com.,,,,,2003-01-21 08:00:00,2022-12-20 09:27:12,2024-01-21 06:17:23,Google LLC,1.0
satcom1.co.uk,co.uk,13,7,0,0,0.0,0.0,3.238901256602631,0.0,0.7692307692307693,0.07692307692307693,0.0,1,144.76.1.130,DE,0,,,1,0,1,1,0,2,elliot.ns.cloudflare.com.,magnolia.ns.cloudflare.com.,,,,,,,2006-10-04 00:00:00,2023-09-02 00:00:00,2025-10-04 00:00:00,,0.0
mediaplex.com,com,13,9,0,0,0.0,0.0,3.3927474104487847,0.0,0.9230769230769231,0.0,0.0,0,159.127.40.163,US,0,,,1,1,1,4,1,8,asia9.akam.net.,usw1.akam.net.,eur3.akam.net.,ns1-27.akam.net.,eur7.akam.net.,use4.akam.net.,eur2.akam.net.,ns1-100.akam.net.,1998-02-11 05:00:00,2023-01-09 09:17:01,2024-02-10 05:00:00,"Conversant, Inc.",1.0
virtualearth.net,net,16,12,0,0,0.0,0.0,3.327819531114783,0.0,0.9375,0.0,0.0,0,204.79.197.219,US,0,,,0,0,1,0,0,4,ns1-33.azure-dns.com.,ns2-33.azure-dns.net.,ns3-33.azure-dns.org.,ns4-33.azure-dns.info.,,,,,2001-07-01 10:59:10,"['2023-06-27 05:06:27', '2023-06-27 01:06:27']",2024-07-01 10:59:10,Microsoft Corporation,1.0
thofandew.com,com,13,9,0,0,0.0,0.0,3.546593564294939,0.0,0.9230769230769231,0.0,0.0,1,3.64.163.50,US,0,,,0,0,1,0,0,2,ns1.dan.com.,ns2.dan.com.,,,,,,,2020-01-14 14:05:27,"['2023-02-15 13:29:56', '2023-02-14 06:35:48']",2024-01-14 14:05:27,Privacy service provided by Withheld for Privacy ehf,1.0
hip-games.com,com,13,9,0,0,0.0,0.0,3.546593564294939,0.0,0.8461538461538461,0.0,0.08333333333333333,1,89.117.188.39,LT,1,2a02:4780:11:1045:0:124d:8976:9,CY,1,1,1,1,2,2,ns2.dns-parking.com.,ns1.dns-parking.com.,,,,,,,2023-08-25 15:33:17,"['2023-08-25 15:33:19', '2023-08-25 00:00:00']",2024-08-25 15:33:17,My Domain Provider,1.0
smartadserver.com,com,17,13,0,0,0.0,0.0,3.337175341123077,0.0,0.9411764705882353,0.0,0.0,0,34.160.41.36,US,0,,,1,1,1,8,5,6,a14-66.akam.net.,a11-65.akam.net.,a1-96.akam.net.,a22-67.akam.net.,a3-64.akam.net.,a4-65.akam.net.,,,2002-06-10 09:40:57,2023-04-25 03:37:04,2024-06-10 09:40:57,Smartadserver,1.0
hisurnhuh.com,com,13,9,0,0,0.0,0.0,3.1808329872054406,0.0,0.9230769230769231,0.0,0.0,1,172.255.103.171,NL,0,,,0,0,0,0,0,0,,,,,,,,,2020-05-21 10:58:05,2023-04-13 09:02:49,2024-05-21 10:58:05,GLOBAL DOMAIN PRIVACY SERVICES INC,1.0
babyboomboomads.com,com,19,15,0,0,0.0,0.0,2.8603207778330435,0.0,0.9473684210526315,0.0,0.0,1,23.109.248.203,NL,0,,,0,0,0,0,0,0,,,,,,,,,2017-02-22 10:30:40,2022-03-22 09:05:39,2024-02-22 10:30:40,GLOBAL DOMAIN PRIVACY SERVICES INC,1.0
betrad.com,com,10,6,0,0,0.0,0.0,3.321928094887362,0.0,0.9,0.0,0.0,0,96.45.82.143,US,0,,,0,0,1,0,0,6,ns13.dnsmadeeasy.com.,ns14.dnsmadeeasy.com.,ns15.dnsmadeeasy.com.,ns10.dnsmadeeasy.com.,ns12.dnsmadeeasy.com.,ns11.dnsmadeeasy.com.,,,2009-11-17 18:00:48,"['2022-09-06 17:40:55', '2019-11-18 05:38:13']",2024-11-17 18:00:48,"Domains By Proxy, LLC",1.0
adscale.de,de,10,7,0,0,0.0,0.0,2.7219280948873625,0.0,0.9,0.0,0.0,0,195.88.45.56,DE,0,,,1,1,1,4,2,4,ns-1396.awsdns-46.org.,ns-1926.awsdns-48.co.uk.,ns-290.awsdns-36.com.,ns-793.awsdns-35.net.,,,,,,2019-11-19 17:00:31,,,0.0
duba.net,net,8,4,0,0,0.0,0.0,3.0,0.0,0.875,0.0,0.0,0,120.92.32.84,CN,0,,,1,0,1,6,0,2,ns4.dnsv4.com.,ns3.dnsv4.com.,,,,,,,2002-03-20 04:18:38,"['2021-11-17 02:15:49', '2021-11-17 02:15:51']",2024-03-20 03:18:38,,0.0
adobe.com,com,9,5,0,0,0.0,0.0,2.94770277922009,0.0,0.8888888888888888,0.0,0.0,0,23.201.53.136,US,1,2600:140f:7400::17d4:3a53,US,1,1,1,21,2,6,a28-67.akam.net.,a10-64.akam.net.,a26-66.akam.net.,a13-65.akam.net.,a1-217.akam.net.,a7-64.akam.net.,,,1986-11-17 05:00:00,2023-09-26 06:33:04,2024-05-17 01:48:14,Adobe Inc.,1.0
ailkeyair.com,com,13,9,0,0,0.0,0.0,3.3927474104487847,0.0,0.9230769230769231,0.0,0.0,1,13.248.169.48,US,0,,,0,0,1,0,0,2,ns1.namefind.com.,ns2.namefind.com.,,,,,,,2020-01-14 14:05:23,"['2023-12-13 08:26:28', '2023-02-14 04:57:14']",2024-01-14 14:05:23,Privacy service provided by Withheld for Privacy ehf,1.0
netnet44.net,net,12,8,0,0,0.0,0.0,2.2295739585136225,0.0,0.75,0.16666666666666666,0.0,1,192.99.37.147,CA,0,,,0,0,1,0,0,4,ns4.afraid.org.,ns3.afraid.org.,ns2.afraid.org.,ns1.afraid.org.,,,,,2013-02-18 17:34:45,"['2023-02-15 05:18:21', '2023-04-17 00:05:12']",2024-02-18 17:34:45,"Privacy Protect, LLC (PrivacyProtect.org)",1.0
everesttech.net,net,15,11,0,0,0.0,0.0,2.8159220638351665,0.0,0.9333333333333333,0.0,0.0,0,208.91.169.4,US,0,,,1,0,1,5,0,8,ns1-245.akam.net.,eur2.akam.net.,usc2.akam.net.,asia1.akam.net.,ns1-128.akam.net.,eur4.akam.net.,use9.akam.net.,aus1.akam.net.,2003-03-28 23:09:53,"['2023-02-26 23:01:25', '2023-03-04 14:18:40']",2024-03-28 22:09:53,Adobe Inc.,1.0
sharethis.com,com,13,9,0,0,0.0,0.0,3.392747410448785,0.0,0.9230769230769231,0.0,0.0,0,54.230.65.83,US,0,,,1,1,1,3,7,4,ns-1529.awsdns-63.org.,ns-1617.awsdns-10.co.uk.,ns-378.awsdns-47.com.,ns-773.awsdns-32.net.,,,,,1999-03-02 05:00:00,2023-01-26 21:18:43,2024-03-02 05:00:00,Identity Protection Service,1.0
interlogistics.com.vn,com.vn,21,14,0,0,0.0,0.0,3.5944656369614525,0.0,0.9047619047619048,0.0,0.0,1,103.110.85.60,VN,0,,,1,1,1,2,1,2,ns2.matbao.com.,ns1.matbao.com.,,,,,,,,,,,0.0
ssl.sinergycosmetics.com,com,24,16,1,3,1.0,3.0,3.4864405016961446,0.9182958340544896,0.9166666666666666,0.0,0.0,1,31.7.63.146,PA,0,,,0,0,0,0,0,0,,,,,,,,,2008-01-09 12:41:59,"['2023-01-10 08:13:19', '2023-02-11 00:00:00']",2024-01-09 12:41:59,SINERGY COSMETICS Srl,1.0
pinterest.com,com,13,9,0,0,0.0,0.0,3.3927474104487847,0.0,0.9230769230769231,0.0,0.0,0,151.101.0.84,US,0,,,1,1,1,20,5,4,ns10.pinterest.com.,ns9.pinterest.com.,ns5.pinterest.com.,ns6.pinterest.com.,,,,,2009-11-26 19:21:23,"['2023-05-10 20:27:36', '2023-05-10 20:20:09']",2024-11-26 19:21:23,DNStination Inc.,1.0
google.com,com,10,6,0,0,0.0,0.0,2.6464393446710153,0.0,0.9,0.0,0.0,0,172.217.31.206,US,1,2404:6800:4009:831::200e,AU,1,1,1,12,1,4,ns4.google.com.,ns3.google.com.,ns1.google.com.,ns2.google.com.,,,,,1997-09-15 07:00:00,2019-09-09 15:39:04,2028-09-14 04:00:00,Google LLC,1.0
tubemogul.com,com,13,9,0,0,0.0,0.0,3.238901256602631,0.0,0.9230769230769231,0.0,0.0,0,151.101.194.49,US,0,,,1,1,1,3,2,6,pdns68.ultradns.com.,pdns68.ultradns.net.,pdns68.ultradns.biz.,pdns68.ultradns.org.,pdns68.ultradns.info.,pdns68.ultradns.co.uk.,,,2006-09-28 05:29:38,"['2023-08-29 23:01:33', '2023-09-02 13:09:14']",2024-09-28 05:29:38,Adobe Inc.,1.0
simpli.fi,fi,9,6,0,0,0.0,0.0,2.6416041678685938,0.0,0.8888888888888888,0.0,0.0,0,141.193.213.30,US,0,,,1,1,1,16,5,6,dns3.simpli.fi.,dns2.simpli.fi.,dns1.simpli.fi.,dns6.simpli.fi.,dns5.simpli.fi.,dns4.simpli.fi.,,,2011-03-09 00:00:00,2020-09-30 00:00:00,2024-03-15 00:00:00,,0.0
soft-load.com,com,13,9,0,0,0.0,0.0,3.334679141051595,0.0,0.8461538461538461,0.0,0.08333333333333333,1,165.140.240.236,US,0,,,0,0,1,0,0,2,dns1.registrar-servers.com.,dns2.registrar-servers.com.,,,,,,,2019-11-01 19:17:21,"['2023-10-16 16:23:24', '2023-10-16 16:23:24']",2024-11-01 19:17:21,Privacy service provided by Withheld for Privacy ehf,1.0
ndsplitter.com,com,14,10,0,0,0.0,0.0,3.6644977792004623,0.0,0.9285714285714286,0.0,0.0,1,172.67.73.82,US,0,,,0,1,1,0,2,2,coen.ns.cloudflare.com.,rihana.ns.cloudflare.com.,,,,,,,2013-05-16 09:34:21,"['2023-05-17 07:10:04', '2023-06-20 13:24:09']",2024-05-16 09:34:21,c/o whoisproxy.com,1.0
googleapis.com,com,14,10,0,0,0.0,0.0,3.3248629576173574,0.0,0.9285714285714286,0.0,0.0,0,142.250.196.4,US,1,2404:6800:4009:830::2004,AU,1,0,1,3,0,4,ns2.google.com.,ns1.google.com.,ns3.google.com.,ns4.google.com.,,,,,2005-01-25 17:52:26,2022-12-24 09:26:34,2024-01-25 17:52:26,Google LLC,1.0
appspot.com,com,11,7,0,0,0.0,0.0,2.8453509366224368,0.0,0.9090909090909091,0.0,0.0,0,142.250.196.14,US,1,2404:6800:4007:829::200e,AU,1,0,1,2,0,4,ns3.google.com.,ns4.google.com.,ns2.google.com.,ns1.google.com.,,,,,2005-03-10 02:27:55,2023-02-06 09:26:54,2024-03-10 01:27:55,Google LLC,1.0
flickr.com,com,10,6,0,0,0.0,0.0,3.121928094887362,0.0,0.9,0.0,0.0,0,52.85.127.134,US,0,,,1,1,1,5,5,4,ns-1244.awsdns-27.org.,ns-1683.awsdns-18.co.uk.,ns-421.awsdns-52.com.,ns-573.awsdns-07.net.,,,,,2003-11-22 07:49:51,2023-05-19 00:07:31,2025-11-22 07:49:51,"SmugMug, Inc.",1.0
getgamespc.com,com,14,10,0,0,0.0,0.0,3.2359263506290334,0.0,0.9285714285714286,0.0,0.0,1,67.227.226.240,US,0,,,1,1,1,1,1,2,ns1.parklogic.com.,ns2.parklogic.com.,,,,,,,2020-07-08 06:47:54,"['2023-08-23 06:12:20', '2023-08-19 01:58:08']",2024-07-08 06:47:54,"Domains By Proxy, LLC",1.0
oracle.com,com,10,6,0,0,0.0,0.0,2.9219280948873623,0.0,0.9,0.0,0.0,0,138.1.33.162,US,0,,,1,1,1,21,2,12,a18-67.akam.net.,ns3.p04.dynect.net.,ns4.p201.dns.oraclecloud.net.,ns3.p201.dns.oraclecloud.net.,ns2.p04.dynect.net.,a11-66.akam.net.,ns1.p04.dynect.net.,ns1.p201.dns.oraclecloud.net.,1988-12-02 05:00:00,2023-10-30 09:31:02,2024-12-01 05:00:00,Oracle Corporation,1.0
tapjoy.com,com,10,6,0,0,0.0,0.0,3.121928094887362,0.0,0.9,0.0,0.0,0,54.85.229.140,US,0,,,1,1,1,8,5,4,ns-1269.awsdns-30.org.,ns-1932.awsdns-49.co.uk.,ns-70.awsdns-08.com.,ns-844.awsdns-41.net.,,,,,2008-05-11 20:49:53,"['2023-01-02 18:32:24', '2023-01-02 13:32:19']",2024-01-02 04:59:59,"Domains By Proxy, LLC",1.0
usertrust.com,com,13,9,0,0,0.0,0.0,3.085055102756477,0.0,0.9230769230769231,0.0,0.0,0,91.199.212.176,GB,0,,,1,0,1,1,0,3,ns3.as48447.net.,ns1.as48447.net.,ns2.as48447.net.,,,,,,1997-12-05 05:00:00,"['2019-01-28 13:51:26', '2020-10-21 11:34:55']",2024-02-06 20:44:42,Sectigo Limited,1.0
yimg.com,com,8,4,0,0,0.0,0.0,2.75,0.0,0.875,0.0,0.0,0,54.161.105.65,US,0,,,1,1,1,1,1,5,ns5.yahoo.com.,ns3.yahoo.com.,ns2.yahoo.com.,ns1.yahoo.com.,ns4.yahoo.com.,,,,1997-05-14 07:00:00,"['2023-04-13 09:13:33', '2023-06-13 21:24:02']",2024-05-15 04:00:00,Yahoo Assets LLC,1.0
boyughaye.com,com,13,9,0,0,0.0,0.0,3.3927474104487847,0.0,0.9230769230769231,0.0,0.0,1,13.248.169.48,US,0,,,0,0,1,0,0,2,ns1.namefind.com.,ns2.namefind.com.,,,,,,,2020-01-14 14:05:35,"['2023-12-13 14:02:24', '2023-02-14 04:57:34']",2024-01-14 14:05:35,Privacy service provided by Withheld for Privacy ehf,1.0
icloud.com,com,10,6,0,0,0.0,0.0,2.9219280948873623,0.0,0.9,0.0,0.0,0,17.253.144.10,US,1,2620:149:af0::10,US,1,1,1,3,2,4,b.ns.apple.com.,a.ns.apple.com.,c.ns.apple.com.,d.ns.apple.com.,,,,,1999-01-15 05:00:00,"['2023-08-24 21:23:04', '2023-09-07 16:42:02']",2025-01-15 05:00:00,Apple Inc.,1.0
acclaimmaxsports.com,com,20,16,0,0,0.0,0.0,3.4086949695628417,0.0,0.95,0.0,0.0,1,172.67.162.103,US,1,2606:4700:3035::ac43:a267,US,0,0,1,0,0,2,aarav.ns.cloudflare.com.,nina.ns.cloudflare.com.,,,,,,,2022-09-03 18:09:58,"['2023-08-18 08:08:26', '2023-08-18 08:08:14']",2024-09-03 18:09:58,REDACTED FOR PRIVACY,1.0
poxaharap.com,com,13,9,0,0,0.0,0.0,3.0269868333592873,0.0,0.9230769230769231,0.0,0.0,1,3.64.163.50,US,0,,,0,0,1,0,0,2,ns1.dan.com.,ns2.dan.com.,,,,,,,2020-01-14 14:05:27,"['2023-02-15 12:52:36', '2023-02-14 06:39:44']",2024-01-14 14:05:27,Privacy service provided by Withheld for Privacy ehf,1.0
conviva.com,com,11,7,0,0,0.0,0.0,2.9139770731827523,0.0,0.9090909090909091,0.0,0.0,0,141.193.213.20,US,0,,,1,1,1,15,1,4,ns-1002.awsdns-61.net.,ns-1140.awsdns-14.org.,ns-1772.awsdns-29.co.uk.,ns-289.awsdns-36.com.,,,,,2004-01-18 19:23:08,"['2022-09-05 00:17:51', '2021-04-01 19:24:55']",2024-04-21 03:59:59,"Domains By Proxy, LLC",1.0
tynt.com,com,8,4,0,0,0.0,0.0,2.75,0.0,0.875,0.0,0.0,0,67.202.105.32,US,0,,,1,1,1,3,7,6,ns11.constellix.com.,ns21.constellix.com.,ns31.constellix.com.,ns41.constellix.net.,ns51.constellix.net.,ns61.constellix.net.,,,2004-09-13 21:05:10,2023-09-12 08:36:58,2024-09-13 21:05:10,Contact Privacy Inc. Customer 0118059420,1.0
underthegarden.com,com,18,14,0,0,0.0,0.0,3.5724312513221195,0.0,0.9444444444444444,0.0,0.0,1,162.210.196.172,US,0,,,0,0,1,0,0,2,ns1.numbatdns.com.,ns2.numbatdns.com.,,,,,,,2022-05-16 18:20:10,2023-06-18 11:23:24,2024-05-16 18:20:10,,0.0
alvoportas.com.br,com.br,17,10,0,0,0.0,0.0,3.4548223999466066,0.0,0.8823529411764706,0.0,0.0,1,162.241.60.111,US,0,,,0,1,1,0,1,2,nspro14.hostgator.com.br.,nspro15.hostgator.com.br.,,,,,,,2008-09-18 00:00:00,"['2023-06-26 00:00:00', '2006-09-26 00:00:00', '2023-05-05 00:00:00']",2024-06-11 00:00:00,,0.0
dzitech.net,net,11,7,0,0,0.0,0.0,3.095795255000934,0.0,0.9090909090909091,0.0,0.0,1,13.248.213.45,US,0,,,0,0,1,0,0,2,ns41.domaincontrol.com.,ns42.domaincontrol.com.,,,,,,,,,,,
google.com.tr,com.tr,13,6,0,0,0.0,0.0,3.0269868333592873,0.0,0.8461538461538461,0.0,0.0,0,142.251.42.35,US,1,2404:6800:4009:830::2003,AU,1,1,1,1,1,4,ns2.google.com.,ns1.google.com.,ns3.google.com.,ns4.google.com.,,,,,2001-08-23 00:00:00,,2024-08-22 00:00:00,,0.0
yahoo.com,com,9,5,0,0,0.0,0.0,2.6416041678685933,0.0,0.8888888888888888,0.0,0.0,0,74.6.143.26,US,1,2001:4998:24:120d::1:0,US,1,1,1,12,3,5,ns2.yahoo.com.,ns5.yahoo.com.,ns3.yahoo.com.,ns1.yahoo.com.,ns4.yahoo.com.,,,,1995-01-18 08:00:00,"['2023-02-03 18:07:10', '2023-02-03 17:55:31']",2024-01-19 05:00:00,Yahoo Assets LLC,1.0
digicert.com,com,12,8,0,0,0.0,0.0,3.2516291673878226,0.0,0.9166666666666666,0.0,0.0,0,45.60.131.229,US,0,,,1,1,1,16,1,8,ns22.digicertdns.com.,ns0105.secondary.cloudflare.com.,ns21.digicertdns.com.,ns0160.secondary.cloudflare.com.,ns20.digicertdns.com.,ns24.digicertdns.net.,ns25.digicertdns.net.,ns23.digicertdns.net.,1996-12-02 05:00:00,"['2023-05-12 19:41:25', '2023-05-16 15:02:58']",2027-12-01 05:00:00,"DigiCert, Inc.",1.0
globalsign.com,com,14,10,0,0,0.0,0.0,3.378783493486176,0.0,0.9285714285714286,0.0,0.0,0,104.18.21.226,US,1,2606:4700::6812:14e2,US,1,1,1,21,1,8,dns1.p07.nsone.net.,dns2.p07.nsone.net.,dns3.p07.nsone.net.,dns4.p07.nsone.net.,ns01.globalsigndns.com.,ns02.globalsigndns.com.,ns03.globalsigndns.com.,ns04.globalsigndns.com.,1999-04-19 04:00:00,"['2021-09-23 13:12:36', '2023-02-06 12:46:30']",2026-04-19 04:00:00,GlobalSign NV/SA,1.0
coxziptwo.com,com,13,9,0,0,0.0,0.0,3.180832987205441,0.0,0.9230769230769231,0.0,0.0,1,172.255.103.171,NL,0,,,0,0,0,0,0,0,,,,,,,,,2020-05-21 10:58:10,2023-04-13 09:02:49,2024-05-21 10:58:10,GLOBAL DOMAIN PRIVACY SERVICES INC,1.0
chartbeat.com,com,13,9,0,0,0.0,0.0,3.238901256602631,0.0,0.9230769230769231,0.0,0.0,0,108.159.28.38,US,0,,,1,1,1,9,5,4,ns-1456.awsdns-54.org.,ns-1558.awsdns-02.co.uk.,ns-262.awsdns-32.com.,ns-744.awsdns-29.net.,,,,,2004-08-02 18:32:25,"['2023-06-03 06:36:48', '2023-06-03 06:37:23']",2024-08-02 18:32:25,Chartbeat,1.0
cuttherope.ie,ie,13,10,0,0,0.0,0.0,3.180832987205441,0.0,0.9230769230769231,0.0,0.0,1,172.67.177.164,US,1,2606:4700:3035::ac43:b1a4,US,0,0,1,0,0,2,iris.ns.cloudflare.com.,vern.ns.cloudflare.com.,,,,,,,2019-02-25 10:34:03,,2024-02-25 15:20:00,,0.0
bemobtracks.com,com,15,11,0,0,0.0,0.0,3.3735572622751846,0.0,0.9333333333333333,0.0,0.0,1,3.109.180.247,US,1,2406:da18:3af:9302:218a:d776:533b:6b69,US,1,0,1,1,0,4,ns-1071.awsdns-05.org.,ns-2037.awsdns-62.co.uk.,ns-233.awsdns-29.com.,ns-778.awsdns-33.net.,,,,,2019-10-19 10:47:21,"['2023-09-19 05:53:13', '2023-09-19 05:53:13']",2024-10-19 10:47:21,Privacy service provided by Withheld for Privacy ehf,1.0
gumgum.com,com,10,6,0,0,0.0,0.0,2.4464393446710155,0.0,0.9,0.0,0.0,0,146.75.30.132,US,0,,,1,1,1,11,5,4,ns-1141.awsdns-14.org.,ns-1716.awsdns-22.co.uk.,ns-467.awsdns-58.com.,ns-871.awsdns-44.net.,,,,,2004-04-27 19:04:06,"['2023-10-07 10:43:26', '2023-10-07 05:43:25']",2024-10-06 11:59:59,"Domains By Proxy, LLC",1.0
adform.net,net,10,6,0,0,0.0,0.0,3.321928094887362,0.0,0.9,0.0,0.0,0,37.157.6.233,DK,0,,,1,1,1,3,1,6,a10-66.akam.net.,a20-66.akam.net.,a14-65.akam.net.,a11-67.akam.net.,a1-125.akam.net.,a13-64.akam.net.,,,2002-09-23 13:54:22,"['2023-10-24 21:58:08', '2023-08-03 16:00:43']",2033-09-23 13:54:27,Jewella Privacy LLC Privacy ID# 10439376,1.0
dengelmeg.com,com,13,9,0,0,0.0,0.0,3.0269868333592873,0.0,0.9230769230769231,0.0,0.0,1,3.64.163.50,US,0,,,0,0,1,0,0,2,ns1.dan.com.,ns2.dan.com.,,,,,,,2020-01-14 14:05:39,"['2023-02-15 11:23:54', '2023-02-14 04:56:17']",2024-01-14 14:05:39,Privacy service provided by Withheld for Privacy ehf,1.0
hola.org,org,8,4,0,0,0.0,0.0,2.75,0.0,0.875,0.0,0.0,0,107.22.193.119,US,0,,,1,1,1,2,1,4,ns-1131.awsdns-13.org.,ns-1718.awsdns-22.co.uk.,ns-404.awsdns-50.com.,ns-813.awsdns-37.net.,,,,,2002-04-21 03:45:09,2023-07-06 03:45:33,2028-04-21 03:45:09,"Domains By Proxy, LLC",1.0
dropbox.com,com,11,7,0,0,0.0,0.0,3.027169118440619,0.0,0.9090909090909091,0.0,0.0,0,162.125.248.18,US,1,2620:100:6040:18::a27d:f812,US,1,1,1,21,2,4,ns-1162.awsdns-17.org.,ns-1949.awsdns-51.co.uk.,ns-315.awsdns-39.com.,ns-564.awsdns-06.net.,,,,,1995-06-28 04:00:00,2023-05-26 09:22:02,2025-06-27 04:00:00,"Dropbox, Inc.",1.0
ns1.trafficclub.com,com,19,11,1,3,1.0,3.0,3.7871439606981383,1.584962500721156,0.8421052631578947,0.05263157894736842,0.0,1,104.26.12.156,US,0,,,0,0,0,0,0,0,,,,,,,,,2004-04-14 18:46:13,"['2023-04-15 07:33:22', '2023-05-20 01:16:08']",2024-04-14 18:46:13,c/o whoisproxy.com,1.0
criteo.com,com,10,6,0,0,0.0,0.0,2.9219280948873623,0.0,0.9,0.0,0.0,0,23.185.0.4,US,1,2620:12a:8001::4,US,1,1,1,21,1,2,ns2.criteo.com.,ns1.criteo.com.,,,,,,,2005-06-17 17:39:17,2023-07-17 20:12:09,2024-06-17 17:39:17,CRITEO TECHNOLOGY,1.0
driver-soft.com,com,15,11,0,0,0.0,0.0,3.640223928941851,0.0,0.8666666666666667,0.0,0.07142857142857142,1,169.62.150.26,US,0,,,1,1,1,1,1,2,pdns04.domaincontrol.com.,pdns03.domaincontrol.com.,,,,,,,2003-09-26 06:55:14,2022-09-27 10:23:15,2024-09-26 06:55:14,,0.0
portableroms.com,com,16,12,0,0,0.0,0.0,3.452819531114783,0.0,0.9375,0.0,0.0,1,104.21.88.161,US,1,2606:4700:3037::ac43:b9cc,US,1,0,1,1,0,2,zod.ns.cloudflare.com.,addyson.ns.cloudflare.com.,,,,,,,2015-03-25 20:50:55,2022-10-27 19:37:33,2025-03-25 20:50:55,Whois Privacy Corp.,1.0
zenoviaexchange.com,com,19,15,0,0,0.0,0.0,3.576617644908665,0.0,0.9473684210526315,0.0,0.0,0,52.86.6.113,US,0,,,0,0,0,0,0,0,,,,,,,,,2012-01-09 18:24:44,"['2023-04-22 08:22:38', '2020-12-17 12:34:47']",2024-01-09 18:24:44,HugeDomains.com,1.0
360yield.com,com,12,8,0,0,0.0,0.0,3.584962500721156,0.0,0.6666666666666666,0.25,0.0,0,54.246.43.7,US,0,,,0,0,1,0,0,4,ns-1350.awsdns-40.org.,ns-1786.awsdns-31.co.uk.,ns-508.awsdns-63.com.,ns-515.awsdns-00.net.,,,,,2009-06-02 13:04:25,"['2023-04-29 02:33:38', '2023-04-29 02:33:39']",2024-06-02 13:04:25,Improve Digital BV,1.0
sisewepod.com,com,13,9,0,0,0.0,0.0,3.238901256602631,0.0,0.9230769230769231,0.0,0.0,1,3.64.163.50,US,0,,,0,0,1,0,0,2,ns1.dan.com.,ns2.dan.com.,,,,,,,2020-01-14 14:05:31,"['2023-02-15 13:17:29', '2023-02-14 06:40:25']",2024-01-14 14:05:31,Privacy service provided by Withheld for Privacy ehf,1.0
liverail.com,com,12,8,0,0,0.0,0.0,3.2516291673878226,0.0,0.9166666666666666,0.0,0.0,0,157.240.1.13,US,1,2a03:2880:f071:e:face:b00c:0:2,IE,1,1,1,1,2,4,b.ns.facebook.com.,c.ns.facebook.com.,d.ns.facebook.com.,a.ns.facebook.com.,,,,,2004-07-24 13:10:19,2023-05-30 04:20:47,2025-07-24 13:10:19,"Meta Platforms, Inc.",1.0
adap.tv,tv,7,4,0,0,0.0,0.0,2.5216406363433186,0.0,0.8571428571428571,0.0,0.0,0,106.10.248.150,SG,0,,,1,1,1,5,5,4,ns-1346.awsdns-40.org.,ns-1719.awsdns-22.co.uk.,ns-350.awsdns-43.com.,ns-578.awsdns-08.net.,,,,,,,,,0.0
akamai.com,com,10,6,0,0,0.0,0.0,2.6464393446710153,0.0,0.9,0.0,0.0,0,23.50.143.166,US,1,2a02:26f0:b600:1ae::b63,NL,1,1,1,18,4,13,a1-66.akam.net.,a28-66.akam.net.,a18-66.akam.net.,a7-66.akam.net.,a11-66.akam.net.,a6-66.akam.net.,a3-66.akam.net.,a8-66.akam.net.,1998-08-17 04:00:00,"['2022-04-11 16:44:20', '2022-04-11 18:10:46']",2024-08-16 04:00:00,"Akamai Technologies, Inc.",1.0
ebay.com,com,8,4,0,0,0.0,0.0,3.0,0.0,0.875,0.0,0.0,0,209.140.136.254,US,0,,,1,1,1,21,2,8,dns1.p06.nsone.net.,dns2.p06.nsone.net.,dns3.p06.nsone.net.,dns4.p06.nsone.net.,ns01.ebaydns.com.,ns02.ebaydns.com.,ns03.ebaydns.com.,ns04.ebaydns.com.,1995-08-04 04:00:00,2023-07-02 09:23:45,2024-08-03 04:00:00,eBay Inc.,1.0
adblock-listefr.com,com,19,15,0,0,0.0,0.0,3.932138039759373,0.0,0.8947368421052632,0.0,0.05555555555555555,1,37.140.192.36,RU,1,2a00:f940:2:2:1:1:0:63,RU,1,1,1,1,2,2,ns1.hosting.reg.ru.,ns2.hosting.reg.ru.,,,,,,,2011-05-11 06:20:53,2023-03-16 23:49:38,2024-05-11 06:20:53,Super Privacy Service LTD c/o Dynadot,1.0
hamtitwet.com,com,13,9,0,0,0.0,0.0,3.1808329872054406,0.0,0.9230769230769231,0.0,0.0,1,3.64.163.50,US,0,,,0,0,1,0,0,2,ns1.dan.com.,ns2.dan.com.,,,,,,,2020-01-14 14:05:32,"['2023-02-15 11:56:59', '2023-02-14 04:52:45']",2024-01-14 14:05:32,Privacy service provided by Withheld for Privacy ehf,1.0
padpullpact.com,com,15,11,0,0,0.0,0.0,3.1898980954642866,0.0,0.9333333333333333,0.0,0.0,1,23.109.150.156,NL,0,,,0,0,0,0,0,0,,,,,,,,,2021-02-03 07:14:18,2022-03-23 12:38:16,2024-02-03 07:14:18,GLOBAL DOMAIN PRIVACY SERVICES INC,1.0
yieldmanager.net,net,16,12,0,0,0.0,0.0,3.452819531114783,0.0,0.9375,0.0,0.0,0,34.225.127.72,US,0,,,0,1,1,0,1,5,ns1.yahoo.com.,ns2.yahoo.com.,ns4.yahoo.com.,ns3.yahoo.com.,ns5.yahoo.com.,,,,2005-03-17 04:08:53,"['2023-02-13 09:08:06', '2023-03-16 17:06:59']",2024-03-17 03:08:53,Yahoo Ad Tech LLC,1.0
admaym.com,com,10,6,0,0,0.0,0.0,2.6464393446710153,0.0,0.9,0.0,0.0,0,20.36.253.28,US,0,,,0,0,1,0,0,4,ns-1000.awsdns-61.net.,ns-1061.awsdns-04.org.,ns-1784.awsdns-31.co.uk.,ns-325.awsdns-40.com.,,,,,2013-11-27 13:31:55,2023-10-24 01:58:47,2024-11-27 13:31:55,Admeta AB,1.0
rtbidder.net,net,12,8,0,0,0.0,0.0,2.9182958340544896,0.0,0.9166666666666666,0.0,0.0,0,146.148.253.232,US,0,,,0,0,1,0,0,2,ns1.gname.net.,ns2.gname.net.,,,,,,,2022-04-17 18:17:06,"['2023-03-27 11:33:20', '2023-03-27 11:33:21']",2024-04-17 18:17:06,Redacted for privacy,1.0
useragentswitch.com,com,19,15,0,0,0.0,0.0,3.8268748818646365,0.0,0.9473684210526315,0.0,0.0,1,72.52.178.23,US,0,,,1,1,1,1,1,2,ns2.parklogic.com.,ns1.parklogic.com.,,,,,,,2020-08-28 15:02:59,"['2023-11-15 13:43:22', '2022-08-26 12:21:07']",2024-08-28 15:02:59,Redacted for Privacy Purposes,1.0
google.it,it,9,6,0,0,0.0,0.0,2.725480556997868,0.0,0.8888888888888888,0.0,0.0,0,142.250.183.227,US,1,2404:6800:4009:82b::2003,AU,1,1,1,1,1,4,ns1.google.com.,ns3.google.com.,ns4.google.com.,ns2.google.com.,,,,,1999-12-10 00:00:00,2023-05-07 01:01:19,2024-04-21 00:00:00,,0.0
starfieldtech.com,com,17,13,0,0,0.0,0.0,3.734521664779752,0.0,0.9411764705882353,0.0,0.0,0,208.109.192.68,US,0,,,1,1,1,2,2,2,cns1.secureserver.net.,cns2.secureserver.net.,,,,,,,2003-03-06 18:20:14,"['2023-10-26 20:31:56', '2023-10-26 15:11:16']",2032-11-01 11:59:59,"Domains By Proxy, LLC",1.0
disqus.com,com,10,6,0,0,0.0,0.0,3.121928094887362,0.0,0.9,0.0,0.0,0,151.101.192.134,US,0,,,1,1,1,3,2,4,ns-1148.awsdns-15.org.,ns-179.awsdns-22.com.,ns-1870.awsdns-41.co.uk.,ns-620.awsdns-13.net.,,,,,2006-12-07 07:02:35,"['2022-09-04 00:01:35', '2019-04-22 12:23:51']",2024-12-07 07:02:35,"Domains By Proxy, LLC",1.0
addthis.com,com,11,7,0,0,0.0,0.0,3.277613436819116,0.0,0.9090909090909091,0.0,0.0,0,23.38.84.123,US,0,,,1,1,1,6,2,4,ns1.p201.dns.oraclecloud.net.,ns4.p201.dns.oraclecloud.net.,ns3.p201.dns.oraclecloud.net.,ns2.p201.dns.oraclecloud.net.,,,,,1998-05-26 04:00:00,"['2023-11-22 05:56:46', '2023-11-22 05:56:45']",2025-05-25 04:00:00,Oracle Corporation,1.0
fileplanet.com,com,14,10,0,0,0.0,0.0,3.521640636343319,0.0,0.9285714285714286,0.0,0.0,1,104.27.203.89,US,1,2606:4700:91b8:5a80:4b3b:4c1:bc6:748a,US,1,1,1,7,4,2,desi.ns.cloudflare.com.,graham.ns.cloudflare.com.,,,,,,,1997-12-08 05:00:00,"['2018-02-13 13:49:54', '2018-01-09 22:41:22']",2025-12-07 05:00:00,Privacy service provided by Withheld for Privacy ehf,1.0
postback.info,info,13,8,0,0,0.0,0.0,3.546593564294939,0.0,0.9230769230769231,0.0,0.0,1,172.255.6.137,NL,0,,,0,0,0,0,0,0,,,,,,,,,2018-06-21 00:07:09,2023-04-27 09:41:06,2024-06-21 00:07:09,Privacy service provided by Withheld for Privacy ehf,1.0
adadvisor.net,net,13,9,0,0,0.0,0.0,3.3927474104487847,0.0,0.9230769230769231,0.0,0.0,0,34.117.132.120,US,0,,,1,0,1,2,0,6,pdns196.ultradns.co.uk.,pdns196.ultradns.org.,pdns196.ultradns.info.,pdns196.ultradns.com.,pdns196.ultradns.net.,pdns196.ultradns.biz.,,,2008-04-08 19:49:25,"['2022-12-22 22:24:19', '2022-12-22 22:24:29']",2025-04-08 19:49:25,,0.0
update.rifugiopontese.it,it,24,14,1,6,1.0,6.0,3.6572682296173893,2.584962500721156,0.9166666666666666,0.0,0.0,1,37.143.11.189,RU,0,,,0,0,0,0,0,0,,,,,,,,,2013-03-19 16:11:33,2023-04-04 01:00:09,2024-03-19 00:00:00,,0.0
pushmobilenews.com,com,18,14,0,0,0.0,0.0,3.7254805569978675,0.0,0.9444444444444444,0.0,0.0,1,23.109.248.188,NL,0,,,0,0,0,0,0,0,,,,,,,,,2017-08-23 11:07:40,2023-02-27 14:33:35,2024-08-23 11:07:40,GLOBAL DOMAIN PRIVACY SERVICES INC,1.0
adsrvr.org,org,10,6,0,0,0.0,0.0,2.846439344671015,0.0,0.9,0.0,0.0,0,3.217.158.65,US,0,,,1,1,1,6,2,8,dns1.p08.nsone.net.,dns2.p08.nsone.net.,dns3.p08.nsone.net.,dns4.p08.nsone.net.,ns01.ttddnnss.com.,ns02.ttddnnss.com.,ns03.ttddnnss.com.,ns04.ttddnnss.com.,2010-03-29 16:20:39,2023-02-14 22:18:51,2024-03-29 16:20:39,"The Trade Desk, Inc.",1.0
voicefive.com,com,13,9,0,0,0.0,0.0,2.931208948910323,0.0,0.9230769230769231,0.0,0.0,0,165.193.78.248,US,0,,,1,1,1,2,2,4,ns-1188.awsdns-20.org.,ns-1716.awsdns-22.co.uk.,ns-476.awsdns-59.com.,ns-607.awsdns-11.net.,,,,,2000-07-14 19:53:09,2023-06-12 09:25:20,2024-07-14 19:53:09,"VoiceFive, Inc",1.0
sitescout.com,com,13,9,0,0,0.0,0.0,3.085055102756477,0.0,0.9230769230769231,0.0,0.0,0,141.193.213.11,US,0,,,1,1,1,3,2,4,ns-1420.awsdns-49.org.,ns-1870.awsdns-41.co.uk.,ns-250.awsdns-31.com.,ns-548.awsdns-04.net.,,,,,2000-05-12 20:23:01,"['2023-03-13 06:09:45', '2023-03-13 06:10:07']",2024-05-12 20:23:01,"Centro Media, Inc",1.0
bright.su,su,9,6,0,0,0.0,0.0,3.169925001442312,0.0,0.8888888888888888,0.0,0.0,1,37.9.13.206,RU,0,,,1,1,1,3,2,2,ns35.link-host.net.,ns36.link-host.net.,,,,,,,2016-11-18 08:44:20,,2024-11-18 08:44:20,,0.0
lijit.com,com,9,5,0,0,0.0,0.0,2.9477027792200903,0.0,0.8888888888888888,0.0,0.0,0,52.84.45.102,US,1,2600:9000:2175:1a00:10:c513:800:93a1,US,1,1,1,1,3,4,dns1.p05.nsone.net.,dns2.p05.nsone.net.,dns3.p05.nsone.net.,dns4.p05.nsone.net.,,,,,2006-07-22 05:08:17,"['2023-06-22 20:23:06', '2023-06-22 15:23:04']",2024-07-22 05:08:17,"Domains By Proxy, LLC",1.0
doubleclick.net,net,15,11,0,0,0.0,0.0,3.506890595608518,0.0,0.9333333333333333,0.0,0.0,0,142.250.182.46,US,1,2404:6800:4007:81a::200e,AU,1,1,1,3,5,4,ns2.google.com.,ns1.google.com.,ns3.google.com.,ns4.google.com.,,,,,1996-01-16 05:00:00,2022-12-16 09:28:58,2024-01-17 05:00:00,Google LLC,1.0
tapjoyads.com,com,13,9,0,0,0.0,0.0,3.3927474104487847,0.0,0.9230769230769231,0.0,0.0,0,52.71.51.232,US,0,,,0,1,1,0,5,4,ns-1176.awsdns-19.org.,ns-1616.awsdns-10.co.uk.,ns-278.awsdns-34.com.,ns-999.awsdns-60.net.,,,,,2008-12-10 06:11:10,"['2023-01-02 18:32:26', '2023-01-02 13:32:23']",2024-01-02 04:59:59,"Domains By Proxy, LLC",1.0
media6degrees.com,com,17,13,0,0,0.0,0.0,3.3815804883091634,0.0,0.8823529411764706,0.058823529411764705,0.0,0,141.193.213.10,US,0,,,1,1,1,1,5,4,ns11.pipelane.net.,ns09.pipelane.net.,ns10.pipelane.net.,ns08.pipelane.net.,,,,,2007-02-28 20:45:55,"['2022-09-04 05:30:38', '2022-01-29 11:31:47']",2024-01-28 11:59:59,"Domains By Proxy, LLC",1.0
bemobpath.com,com,13,9,0,0,0.0,0.0,3.238901256602631,0.0,0.9230769230769231,0.0,0.0,1,3.0.82.215,US,1,2406:da18:3af:9302:218a:d776:533b:6b69,US,0,0,1,0,0,4,ns-1385.awsdns-45.org.,ns-1931.awsdns-49.co.uk.,ns-688.awsdns-22.net.,ns-88.awsdns-11.com.,,,,,2015-11-20 09:19:22,"['2023-10-24 09:25:11', '2023-10-24 09:25:11']",2024-11-20 09:19:22,Privacy service provided by Withheld for Privacy ehf,1.0
googleadservices.com,com,20,16,0,0,0.0,0.0,3.546439344671015,0.0,0.95,0.0,0.0,0,172.217.163.194,US,0,,,1,1,1,1,1,4,ns2.google.com.,ns3.google.com.,ns4.google.com.,ns1.google.com.,,,,,2003-06-19 16:34:53,2023-05-18 10:06:43,2024-06-19 16:34:53,Google LLC,1.0
iqtest.co.uk,co.uk,12,6,0,0,0.0,0.0,3.251629167387823,0.0,0.8333333333333334,0.0,0.0,1,209.97.190.105,US,0,,,0,0,1,0,0,2,amber.ns.cloudflare.com.,hal.ns.cloudflare.com.,,,,,,,2003-08-14 00:00:00,2023-11-01 00:00:00,2026-08-14 00:00:00,,0.0
instagram.com,com,13,9,0,0,0.0,0.0,3.3927474104487847,0.0,0.9230769230769231,0.0,0.0,0,157.240.1.174,US,1,2a03:2880:f26b:e6:face:b00c:0:4420,IE,1,1,1,8,2,4,a.ns.instagram.com.,d.ns.instagram.com.,c.ns.instagram.com.,b.ns.instagram.com.,,,,,2004-06-04 13:37:18,2023-07-05 19:08:13,2032-06-04 13:37:18,Instagram LLC,1.0
iqtest.co,co,9,6,0,0,0.0,0.0,2.9477027792200903,0.0,0.8888888888888888,0.0,0.0,1,15.197.204.56,US,0,,,0,0,1,0,0,2,ns37.domaincontrol.com.,ns38.domaincontrol.com.,,,,,,,2016-12-26 16:36:50,"['2023-12-11 07:00:14', '2023-12-06 07:00:13']",2024-12-25 23:59:59,NameFind LLC,1.0
paramonos-oha.com,com,17,13,0,0,0.0,0.0,3.2195282822995472,0.0,0.8823529411764706,0.0,0.0625,1,74.63.241.26,US,0,,,0,0,1,0,0,2,ns1.kirklanddc.com.,ns2.kirklanddc.com.,,,,,,,2022-09-25 18:16:04,"['2023-08-15 14:59:47', '2023-08-15 14:59:48']",2024-09-25 18:16:04,Super Privacy Service LTD c/o Dynadot,1.0
pushmenews.com,com,14,10,0,0,0.0,0.0,3.378783493486176,0.0,0.9285714285714286,0.0,0.0,1,23.109.248.118,NL,0,,,0,0,0,0,0,0,,,,,,,,,2018-02-07 09:17:05,2023-12-08 07:01:52,2025-02-07 09:17:05,GLOBAL DOMAIN PRIVACY SERVICES INC,1.0
oakchokerfumes.com,com,18,14,0,0,0.0,0.0,3.461320140211008,0.0,0.9444444444444444,0.0,0.0,1,23.109.82.228,NL,0,,,0,0,0,0,0,0,,,,,,,,,2021-02-03 07:12:52,2023-02-03 09:08:51,2025-02-03 07:12:52,GLOBAL DOMAIN PRIVACY SERVICES INC,1.0
afy11.net,net,9,5,0,0,0.0,0.0,2.94770277922009,0.0,0.6666666666666666,0.2222222222222222,0.0,0,46.8.8.100,CZ,0,,,0,1,1,0,1,2,ns.parktons.com.,ns2.parktons.com.,,,,,,,2021-07-23 18:15:17,"['2023-06-24 13:45:25', '2023-06-24 00:00:00']",2024-07-23 18:15:17,"NEROSO Inst., s.r.o.",1.0
orcjagpox.com,com,13,9,0,0,0.0,0.0,3.180832987205441,0.0,0.9230769230769231,0.0,0.0,1,3.64.163.50,US,0,,,0,0,1,0,0,2,ns1.dan.com.,ns2.dan.com.,,,,,,,2020-01-14 14:05:14,"['2023-02-15 12:43:43', '2023-02-14 06:39:20']",2024-01-14 14:05:14,Privacy service provided by Withheld for Privacy ehf,1.0
stickyadstv.com,com,15,11,0,0,0.0,0.0,3.5068905956085183,0.0,0.9333333333333333,0.0,0.0,0,51.255.169.33,FR,0,,,1,0,1,4,0,4,dns1.p01.nsone.net.,dns2.p01.nsone.net.,dns3.p01.nsone.net.,dns4.p01.nsone.net.,,,,,2009-08-14 16:19:30,2023-11-16 22:08:59,2030-08-14 16:19:30,STICKY ADS TV S.A.S.,1.0
pubmatic.com,com,12,8,0,0,0.0,0.0,3.2516291673878226,0.0,0.9166666666666666,0.0,0.0,0,15.197.165.128,US,0,,,1,1,1,8,1,4,dns1.p01.nsone.net.,dns2.p01.nsone.net.,dns3.p01.nsone.net.,dns4.p01.nsone.net.,,,,,2006-12-29 02:10:07,2022-12-15 03:54:07,2025-09-08 11:59:59,,0.0
chango.com,com,10,6,0,0,0.0,0.0,2.921928094887362,0.0,0.9,0.0,0.0,0,198.185.159.145,US,0,,,1,1,1,10,5,2,ns73.domaincontrol.com.,ns74.domaincontrol.com.,,,,,,,2000-02-27 12:05:16,2022-10-03 22:25:07,2024-02-27 12:05:16,,0.0
thawte.com,com,10,6,0,0,0.0,0.0,3.121928094887362,0.0,0.9,0.0,0.0,0,45.60.196.209,US,0,,,1,1,1,3,1,8,ns0105.secondary.cloudflare.com.,ns0160.secondary.cloudflare.com.,ns20.digicertdns.com.,ns21.digicertdns.com.,ns22.digicertdns.com.,ns23.digicertdns.net.,ns24.digicertdns.net.,ns25.digicertdns.net.,1996-02-10 05:00:00,"['2023-05-04 00:18:41', '2023-05-05 20:09:06']",2024-02-11 05:00:00,"DigiCert, Inc.",1.0
eyeota.net,net,10,6,0,0,0.0,0.0,2.6464393446710157,0.0,0.9,0.0,0.0,0,54.255.77.83,US,0,,,1,1,1,2,5,4,ns-1300.awsdns-34.org.,ns-1656.awsdns-15.co.uk.,ns-484.awsdns-60.com.,ns-659.awsdns-18.net.,,,,,2011-09-15 17:17:38,2023-05-05 06:17:47,2025-09-15 17:17:38,,0.0
vk.com,com,6,2,0,0,0.0,0.0,2.584962500721156,0.0,0.8333333333333334,0.0,0.0,0,93.186.225.194,RU,0,,,1,1,1,8,1,4,ns4.vkontakte.ru.,ns2.vkontakte.ru.,ns1.vkontakte.ru.,ns3.vkontakte.ru.,,,,,1997-06-24 04:00:00,2023-06-13 17:16:07,2024-06-23 04:00:00,Privacy protection service - whoisproxy.ru,1.0
histats.com,com,11,7,0,0,0.0,0.0,3.095795255000934,0.0,0.9090909090909091,0.0,0.0,0,54.36.111.118,FR,0,,,1,1,1,2,1,2,ns200.anycast.me.,dns200.anycast.me.,,,,,,,2006-06-12 16:33:36,2023-05-20 23:00:09,2024-06-12 16:33:36,wisecode s.r.l.,1.0
researchnow.com,com,15,11,0,0,0.0,0.0,3.3735572622751846,0.0,0.9333333333333333,0.0,0.0,0,34.83.91.59,US,0,,,1,1,1,9,1,4,ns-1460.awsdns-54.org.,ns-1862.awsdns-40.co.uk.,ns-425.awsdns-53.com.,ns-530.awsdns-02.net.,,,,,1997-07-19 04:00:00,2023-03-07 05:30:49,2024-07-18 04:00:00,Identity Protection Service,1.0
the1adblocker.com,com,17,13,0,0,0.0,0.0,3.734521664779752,0.0,0.8823529411764706,0.058823529411764705,0.0,1,54.157.4.65,US,0,,,0,0,1,0,0,2,dns1.registrar-servers.com.,dns2.registrar-servers.com.,,,,,,,2017-07-07 17:42:36,"['2023-06-07 07:59:33', '2023-06-07 07:59:33']",2024-07-07 17:42:36,Privacy service provided by Withheld for Privacy ehf,1.0
nexac.com,com,9,5,0,0,0.0,0.0,2.94770277922009,0.0,0.8888888888888888,0.0,0.0,0,192.155.91.47,US,0,,,1,0,1,3,0,4,ns4.p05.dynect.net.,ns3.p05.dynect.net.,ns1.p05.dynect.net.,ns2.p05.dynect.net.,,,,,2006-10-31 00:14:41,2023-11-19 05:17:58,2025-10-30 23:14:41,Oracle Corporation,1.0
blueoyster.click,click,16,10,0,0,0.0,0.0,3.625,0.0,0.9375,0.0,0.0,1,24.199.100.200,US,0,,,0,0,1,0,0,4,ns-1179.awsdns-19.org.,ns-1823.awsdns-35.co.uk.,ns-338.awsdns-42.com.,ns-859.awsdns-43.net.,,,,,,,,,0.0
speedtest.com,com,13,9,0,0,0.0,0.0,3.0269868333592873,0.0,0.9230769230769231,0.0,0.0,1,192.99.158.243,CA,0,,,1,1,1,1,1,2,ns1.dnslink.com.,ns2.dnslink.com.,,,,,,,2003-03-10 19:19:02,2023-03-07 16:56:09,2024-03-10 18:19:02,"Domain Protection Services, Inc.",1.0
google.com.br,com.br,13,6,0,0,0.0,0.0,3.0269868333592873,0.0,0.8461538461538461,0.0,0.0,0,142.250.193.99,US,1,2404:6800:4007:81f::2003,AU,1,1,1,1,1,4,ns1.google.com.,ns2.google.com.,ns4.google.com.,ns3.google.com.,,,,,2010-05-20 00:00:00,"['2023-04-20 00:00:00', '2022-02-28 00:00:00']",2024-05-18 00:00:00,,0.0
exelator.com,com,12,8,0,0,0.0,0.0,3.2516291673878226,0.0,0.9166666666666666,0.0,0.0,0,44.238.141.43,US,0,,,1,1,1,2,5,8,dns1.p03.nsone.net.,dns2.p03.nsone.net.,dns3.p03.nsone.net.,dns4.p03.nsone.net.,ns01.thetexi.com.,ns02.thetexi.com.,ns03.thetexi.com.,ns04.thetexi.com.,2007-01-04 16:00:28,"['2023-12-01 00:16:28', '2023-12-01 00:16:29']",2025-01-04 16:00:28,The Nielsen Company,1.0
aweinkbum.com,com,13,9,0,0,0.0,0.0,3.546593564294939,0.0,0.9230769230769231,0.0,0.0,1,13.248.169.48,US,0,,,0,0,1,0,0,2,ns1.namefind.com.,ns2.namefind.com.,,,,,,,2020-01-14 14:05:31,"['2023-12-13 11:06:48', '2023-02-14 04:56:53']",2024-01-14 14:05:31,Privacy service provided by Withheld for Privacy ehf,1.0
dutchmega.nl,nl,12,9,0,0,0.0,0.0,3.584962500721156,0.0,0.9166666666666666,0.0,0.0,1,103.219.152.12,NL,1,2a09:3c00:1::12,NL,1,1,1,1,3,3,ns01.cloudwebservices.nl.,ns03.cloudwebservices.network.,ns02.cloudwebservices.eu.,,,,,,2023-03-05 00:00:00,2023-03-12 00:00:00,,,0.0
whatsapp.net,net,12,8,0,0,0.0,0.0,3.084962500721156,0.0,0.9166666666666666,0.0,0.0,0,157.240.1.60,US,1,2a03:2880:f26b:c9:face:b00c:0:167,IE,1,0,1,2,0,4,c.ns.whatsapp.net.,a.ns.whatsapp.net.,d.ns.whatsapp.net.,b.ns.whatsapp.net.,,,,,2009-02-20 00:48:09,2023-12-04 19:26:03,2032-02-20 00:48:09,WhatsApp LLC,1.0
legolas-media.com,com,17,13,0,0,0.0,0.0,3.4992275471326932,0.0,0.8823529411764706,0.0,0.0625,0,3.133.70.31,US,1,2600:1f16:b2f:b01:9c38:1c33:e639:c607,US,1,1,1,1,1,4,dns1.p09.nsone.net.,dns2.p09.nsone.net.,dns3.p09.nsone.net.,dns4.p09.nsone.net.,,,,,2009-05-26 11:41:23,"['2023-07-21 01:02:04', '2023-07-21 01:01:49']",2025-05-26 11:41:23,,0.0
live.com,com,8,4,0,0,0.0,0.0,3.0,0.0,0.875,0.0,0.0,0,204.79.197.212,US,0,,,1,1,1,5,1,8,ns7-34.azure-dns.org.,ns5-34.azure-dns.com.,nse21.o365filtering.com.,nse13.o365filtering.com.,nse12.o365filtering.com.,ns1-34.azure-dns.com.,ns2-34.azure-dns.net.,ns8-34.azure-dns.info.,1994-12-28 05:00:00,"['2022-12-23 06:09:50', '2022-12-23 01:09:50']",2023-12-27 05:00:00,Microsoft Corporation,1.0
viaarena.com,com,12,8,0,0,0.0,0.0,3.188721875540867,0.0,0.9166666666666666,0.0,0.0,1,64.91.249.20,US,0,,,1,1,1,1,1,2,ns1.parklogic.com.,ns2.parklogic.com.,,,,,,,2001-06-12 10:34:30,"['2023-06-06 02:56:54', '2023-06-05 21:56:53']",2024-06-12 10:34:30,"Domains By Proxy, LLC",1.0
testedforyou.net,net,16,12,0,0,0.0,0.0,3.2806390622295662,0.0,0.9375,0.0,0.0,1,45.79.172.174,US,0,,,1,0,1,2,0,4,ns-753.awsdns-30.net.,ns-1445.awsdns-52.org.,ns-2028.awsdns-61.co.uk.,ns-383.awsdns-47.com.,,,,,2014-04-28 05:35:29,2023-04-24 19:11:51,2024-04-28 05:35:29,,0.0
insightexpressai.com,com,20,16,0,0,0.0,0.0,3.746439344671016,0.0,0.95,0.0,0.0,0,13.107.246.64,US,0,,,1,0,1,2,0,6,a5-67.akam.net.,a18-66.akam.net.,a11-65.akam.net.,a10-64.akam.net.,a8-64.akam.net.,a1-157.akam.net.,,,2005-01-10 15:04:45,"['2023-10-15 04:31:05', '2023-10-15 00:31:07']",2026-01-10 15:04:45,Not Disclosed,1.0
truste.com,com,10,6,0,0,0.0,0.0,3.1219280948873624,0.0,0.9,0.0,0.0,0,35.172.60.109,US,0,,,1,1,1,5,5,4,ns-1063.awsdns-04.org.,ns-2018.awsdns-60.co.uk.,ns-470.awsdns-58.com.,ns-562.awsdns-06.net.,,,,,1997-06-13 04:00:00,"['2020-04-13 07:07:05', '2020-04-13 07:07:33']",2025-06-12 04:00:00,TrustArc Inc.,1.0
ksmobile.com,com,12,8,0,0,0.0,0.0,3.2516291673878226,0.0,0.9166666666666666,0.0,0.0,0,54.84.230.12,US,0,,,0,1,1,0,3,2,ns4.dnsv5.com.,ns3.dnsv5.com.,,,,,,,2012-07-07 18:40:56,2023-06-26 03:05:33,2024-07-07 18:40:56,,0.0
hippolyte-hag.com,com,17,13,0,0,0.0,0.0,3.734521664779752,0.0,0.8823529411764706,0.0,0.0625,1,154.208.105.240,SC,0,,,0,0,1,0,0,2,ns1.taoa.com.,ns2.taoa.com.,,,,,,,2021-10-10 07:17:07,2023-08-23 10:33:22,2024-10-10 07:17:07,,0.0
oldgames.4all.cc,cc,16,4,1,8,1.0,8.0,3.327819531114783,3.0,0.8125,0.0625,0.0,1,172.98.192.35,US,0,,,0,0,0,0,0,0,,,,,,,,,2021-09-12 08:00:22,2022-12-28 07:29:34,2024-09-12 08:00:22,REDACTED FOR PRIVACY,1.0
gamesgx.net,net,11,7,0,0,0.0,0.0,3.0957952550009344,0.0,0.9090909090909091,0.0,0.0,1,172.67.137.157,US,1,2606:4700:3035::6815:511c,US,1,1,1,1,1,2,cody.ns.cloudflare.com.,zoe.ns.cloudflare.com.,,,,,,,2016-04-14 17:57:49,2023-04-08 23:45:18,2024-04-14 17:57:49,REDACTED FOR PRIVACY,1.0
superfish.com,com,13,9,0,0,0.0,0.0,3.546593564294939,0.0,0.9230769230769231,0.0,0.0,0,3.64.163.50,US,0,,,0,0,1,0,0,2,ns1.dan.com.,ns2.dan.com.,,,,,,,2005-10-16 18:30:30,"['2023-06-08 09:38:42', '2019-02-17 19:22:55']",2028-10-16 18:30:30,"Domains By Proxy, LLC",1.0
fbcdn.net,net,9,5,0,0,0.0,0.0,2.94770277922009,0.0,0.8888888888888888,0.0,0.0,0,157.240.1.35,US,1,2a03:2880:f16b:81:face:b00c:0:25de,IE,1,0,1,1,0,4,b.ns.facebook.com.,d.ns.facebook.com.,c.ns.facebook.com.,a.ns.facebook.com.,,,,,2007-05-03 18:49:03,2023-05-24 19:03:18,2032-05-03 18:49:03,"Meta Platforms, Inc.",1.0
stumbleupon.com,com,15,11,0,0,0.0,0.0,3.506890595608519,0.0,0.9333333333333333,0.0,0.0,0,76.76.21.21,US,0,,,1,1,1,1,5,4,ns-1143.awsdns-14.org.,ns-1667.awsdns-16.co.uk.,ns-374.awsdns-46.com.,ns-705.awsdns-24.net.,,,,,2001-11-06 04:47:44,"['2023-10-05 09:01:45', '2023-12-12 19:42:22']",2025-11-06 04:47:44,Stumbleupon Inc.,1.0
curriculture.com,com,16,12,0,0,0.0,0.0,3.10845859334435,0.0,0.9375,0.0,0.0,1,23.109.248.203,NL,0,,,0,0,0,0,0,0,,,,,,,,,2018-04-04 16:28:50,2023-02-27 14:33:35,2024-04-04 16:28:50,GLOBAL DOMAIN PRIVACY SERVICES INC,1.0
hike.in,in,7,4,0,0,0.0,0.0,2.521640636343318,0.0,0.8571428571428571,0.0,0.0,0,34.102.174.164,US,0,,,1,1,1,7,5,4,ns-1329.awsdns-38.org.,ns-1935.awsdns-49.co.uk.,ns-27.awsdns-03.com.,ns-713.awsdns-25.net.,,,,,2006-05-03 22:01:31,2023-04-04 02:04:21,2024-05-03 22:01:31,,0.0
pinoy-offers.com,com,16,12,0,0,0.0,0.0,3.577819531114783,0.0,0.875,0.0,0.06666666666666667,1,104.21.51.80,US,0,,,1,1,1,2,1,2,april.ns.cloudflare.com.,hans.ns.cloudflare.com.,,,,,,,2016-03-16 14:49:04,"['2023-03-17 07:21:52', '2023-05-05 18:41:57']",2024-03-16 14:49:04,AP Marketing Asia Pacific Pte Ltd,1.0
ntp.org,org,7,3,0,0,0.0,0.0,2.807354922057604,0.0,0.8571428571428571,0.0,0.0,0,64.142.54.22,US,0,,,1,1,1,6,1,4,dns2.udel.edu.,dns1.udel.edu.,ns1.everett.org.,anyns.pch.net.,,,,,1997-01-18 05:00:00,2023-11-29 03:40:49,2033-01-19 05:00:00,"['Data Protected', 'REDACTED FOR PRIVACY']",1.0
adgrx.com,com,9,5,0,0,0.0,0.0,3.169925001442312,0.0,0.8888888888888888,0.0,0.0,0,144.217.74.222,CA,0,,,0,0,1,0,0,10,ns-1554.awsdns-02.co.uk.,ns-226.awsdns-28.com.,a20-65.akam.net.,a18-67.akam.net.,a5-67.akam.net.,a1-166.akam.net.,a2-64.akam.net.,ns-616.awsdns-13.net.,2011-10-06 22:04:52,"['2023-05-24 19:11:01', '2022-10-03 07:38:11']",2024-10-06 22:04:52,"Domains By Proxy, LLC",1.0
avast.com,com,9,5,0,0,0.0,0.0,2.94770277922009,0.0,0.8888888888888888,0.0,0.0,0,23.58.52.189,US,1,2600:140f:7:183::21c7,US,1,1,1,9,1,6,a11-66.akam.net.,a20-66.akam.net.,a26-67.akam.net.,a1-182.akam.net.,a6-67.akam.net.,a13-65.akam.net.,,,1997-10-06 04:00:00,"['2022-12-09 19:05:21', '2023-09-12 21:13:39']",2030-09-20 22:05:36,"Gen Digital, Inc",1.0
mookie1.com,com,11,7,0,0,0.0,0.0,2.8453509366224368,0.0,0.8181818181818182,0.09090909090909091,0.0,0,23.223.46.59,US,1,2600:1417:56::174c:9d12,US,0,0,0,0,0,0,,,,,,,,,2008-04-18 16:44:19,"['2023-02-27 16:42:38', '2023-02-22 08:23:17']",2024-04-18 16:44:19,Choreograph LLC,1.0
gmail.com,com,9,5,0,0,0.0,0.0,2.94770277922009,0.0,0.8888888888888888,0.0,0.0,0,142.251.42.101,US,0,,,1,1,1,2,5,4,ns3.google.com.,ns4.google.com.,ns1.google.com.,ns2.google.com.,,,,,1995-08-13 07:00:00,2023-07-11 10:10:13,2024-08-12 04:00:00,Google LLC,1.0
jwpltx.com,com,10,6,0,0,0.0,0.0,3.321928094887362,0.0,0.9,0.0,0.0,0,54.230.65.43,US,1,2600:9000:2056:9200:1b:6b7c:c940:93a1,US,1,0,1,2,0,4,ns-1467.awsdns-55.org.,ns-1595.awsdns-07.co.uk.,ns-268.awsdns-33.com.,ns-647.awsdns-16.net.,,,,,2012-08-14 20:43:15,"['2023-08-15 16:48:10', '2023-08-15 11:48:09']",2024-08-14 20:43:15,"Domains By Proxy, LLC",1.0
acclaimsports.com,com,17,13,0,0,0.0,0.0,3.337175341123077,0.0,0.9411764705882353,0.0,0.0,1,199.59.243.225,US,0,,,0,0,1,0,0,2,ns2.bodis.com.,ns1.bodis.com.,,,,,,,1996-12-02 05:00:00,"['2023-12-03 10:24:06', '2023-12-03 05:24:04']",2024-12-01 05:00:00,"WebContents, Inc - This domain might be for sale on GoDaddy.com or Sedo.com",1.0
googletagmanager.com,com,20,16,0,0,0.0,0.0,3.2464393446710154,0.0,0.95,0.0,0.0,0,142.250.66.8,US,1,2404:6800:4009:82c::2008,AU,1,0,1,1,0,4,ns2.google.com.,ns4.google.com.,ns1.google.com.,ns3.google.com.,,,,,2011-11-11 23:39:05,2023-10-10 09:55:46,2024-11-11 23:39:05,Google LLC,1.0
skype.com,com,9,5,0,0,0.0,0.0,3.169925001442312,0.0,0.8888888888888888,0.0,0.0,0,20.76.201.171,US,1,2603:1020:201:10::10f,US,1,1,1,4,1,4,ns1-205.azure-dns.com.,ns2-205.azure-dns.net.,ns3-205.azure-dns.org.,ns4-205.azure-dns.info.,,,,,2003-04-23 17:34:20,2023-03-22 11:34:32,2024-04-23 17:34:20,Microsoft Corporation,1.0
comodoca.com,com,12,8,0,0,0.0,0.0,2.355388542207534,0.0,0.9166666666666666,0.0,0.0,0,91.199.212.90,GB,1,2a0e:ac00:c7:d45a::5bc7:d45a,GB,1,1,1,3,1,3,ns2.as48447.net.,ns3.as48447.net.,ns1.as48447.net.,,,,,,2002-11-13 15:25:27,2023-10-13 12:34:52,2024-11-13 15:25:27,"Comodo Group, Inc.",1.0
hotmail.com,com,11,7,0,0,0.0,0.0,3.095795255000934,0.0,0.9090909090909091,0.0,0.0,0,204.79.197.212,US,0,,,1,1,1,3,1,4,ns1-205.azure-dns.com.,ns2-205.azure-dns.net.,ns3-205.azure-dns.org.,ns4-205.azure-dns.info.,,,,,1996-03-27 05:00:00,2023-08-18 16:15:54,2025-03-28 04:00:00,Microsoft Corporation,1.0
provenpixel.com,com,15,11,0,0,0.0,0.0,3.5068905956085183,0.0,0.9333333333333333,0.0,0.0,0,34.192.219.139,US,0,,,1,1,1,4,2,4,ns04.provenpixel.net.,ns03.provenpixel.net.,ns02.provenpixel.net.,ns01.provenpixel.net.,,,,,2009-04-10 20:09:51,"['2023-04-11 07:33:46', '2018-03-07 18:22:44']",2024-04-10 20:09:51,1&1 Internet Inc,1.0
banalbjar.com,com,13,9,0,0,0.0,0.0,3.180832987205441,0.0,0.9230769230769231,0.0,0.0,1,13.248.169.48,US,0,,,0,0,1,0,0,2,ns1.namefind.com.,ns2.namefind.com.,,,,,,,2020-01-14 14:05:18,"['2023-12-13 11:33:31', '2023-02-14 04:55:56']",2024-01-14 14:05:18,Privacy service provided by Withheld for Privacy ehf,1.0
bing.com,com,8,4,0,0,0.0,0.0,3.0,0.0,0.875,0.0,0.0,0,13.107.21.200,US,1,2620:1ec:c11::200,US,1,1,1,4,1,8,ns1-204.azure-dns.com.,ns2-204.azure-dns.net.,ns4-204.azure-dns.info.,ns3-204.azure-dns.org.,dns1.p09.nsone.net.,dns2.p09.nsone.net.,dns3.p09.nsone.net.,dns4.p09.nsone.net.,1996-01-29 05:00:00,2022-12-29 09:42:04,2024-01-30 05:00:00,Microsoft Corporation,1.0
yandex.ru,ru,9,6,0,0,0.0,0.0,3.169925001442312,0.0,0.8888888888888888,0.0,0.0,0,5.255.255.70,RU,1,2a02:6b8:a::a,RU,1,1,1,12,1,2,ns2.yandex.ru.,ns1.yandex.ru.,,,,,,,1997-09-23 09:45:07,,2024-09-30 21:00:00,"YANDEX, LLC.",1.0
twitter.com,com,11,7,0,0,0.0,0.0,3.027169118440619,0.0,0.9090909090909091,0.0,0.0,0,104.244.42.129,US,0,,,1,1,1,17,2,8,b.r06.twtrdns.net.,a.r06.twtrdns.net.,c.r06.twtrdns.net.,d.r06.twtrdns.net.,a.u06.twtrdns.net.,b.u06.twtrdns.net.,c.u06.twtrdns.net.,d.u06.twtrdns.net.,2000-01-21 16:28:17,"['2023-03-07 22:25:14', '2023-03-07 17:07:10']",2024-01-21 16:28:17,"Twitter, Inc.",1.0
nachogunj.cam,cam,13,9,0,0,0.0,0.0,3.238901256602631,0.0,0.9230769230769231,0.0,0.0,1,15.197.192.55,US,0,,,0,0,1,0,0,2,ns1.dyna-ns.net.,ns2.dyna-ns.net.,,,,,,,2022-11-30 13:27:06,2023-12-01 14:31:30,2024-11-30 23:59:59,,0.0
moatads.com,com,11,7,0,0,0.0,0.0,2.9139770731827523,0.0,0.9090909090909091,0.0,0.0,0,52.23.179.69,US,0,,,1,1,1,1,1,4,ns-1360.awsdns-42.org.,ns-1768.awsdns-29.co.uk.,ns-423.awsdns-52.com.,ns-617.awsdns-13.net.,,,,,2011-01-20 00:28:41,2023-11-22 05:35:09,2025-04-08 11:59:59,Oracle Corporation,1.0
brightcove.com,com,14,10,0,0,0.0,0.0,3.521640636343319,0.0,0.9285714285714286,0.0,0.0,0,76.76.21.21,US,0,,,1,1,1,21,2,4,ns-1426.awsdns-50.org.,ns-1868.awsdns-41.co.uk.,ns-359.awsdns-44.com.,ns-668.awsdns-19.net.,,,,,2005-02-04 13:00:28,"['2023-12-06 10:31:19', '2023-12-06 10:32:44']",2029-02-04 13:00:28,,0.0
spotxchange.com,com,15,11,0,0,0.0,0.0,3.6402239289418516,0.0,0.9333333333333333,0.0,0.0,0,198.54.12.133,US,0,,,1,1,1,3,5,8,eur5.akam.net.,usw4.akam.net.,eur6.akam.net.,ns1-82.akam.net.,asia1.akam.net.,ns1-99.akam.net.,usc4.akam.net.,use2.akam.net.,2006-06-08 15:25:45,"['2023-10-03 04:46:14', '2023-10-03 00:46:18']",2025-06-08 15:25:45,"Magnite, Inc.",1.0
postback.report,report,15,8,0,0,0.0,0.0,3.3735572622751855,0.0,0.9333333333333333,0.0,0.0,1,172.255.103.181,NL,0,,,0,0,0,0,0,0,,,,,,,,,,,,,0.0
domnicpeter.in.net,net,18,2,1,11,1.0,11.0,3.30827083453526,3.277613436819116,0.8888888888888888,0.0,0.0,1,216.218.135.114,US,0,,,0,0,0,0,0,0,,,,,,,,,,,,,
gemius.pl,pl,9,6,0,0,0.0,0.0,3.169925001442312,0.0,0.8888888888888888,0.0,0.0,0,91.221.127.108,PL,0,,,1,1,1,2,2,3,ns1.gemius.pl.,ns3.gemius.pl.,ns2.gemius.pl.,,,,,,2000-05-16 13:00:00,2023-05-12 10:16:21,2024-05-15 14:00:00,,0.0
tumblr.com,com,10,6,0,0,0.0,0.0,3.121928094887362,0.0,0.9,0.0,0.0,0,192.0.77.40,US,0,,,1,1,1,12,5,4,ns2.tumblr.com.,ns1.tumblr.com.,ns4.tumblr.com.,ns3.tumblr.com.,,,,,2006-06-08 22:11:40,"['2023-05-08 09:48:59', '2023-05-08 09:49:00']",2025-06-08 22:11:40,"Automattic, Inc.",1.0
googleboost.xyz,xyz,15,11,0,0,0.0,0.0,3.2402239289418517,0.0,0.9333333333333333,0.0,0.0,1,172.67.154.232,US,1,2606:4700:3031::ac43:9ae8,US,1,1,1,2,2,2,ethan.ns.cloudflare.com.,janet.ns.cloudflare.com.,,,,,,,2020-11-27 18:27:35,"['2023-11-06 00:54:58', '2023-11-01 00:09:21']",2024-11-27 23:59:59,"Privacy Protect, LLC (PrivacyProtect.org)",1.0
godaddy.com,com,11,7,0,0,0.0,0.0,2.8453509366224368,0.0,0.9090909090909091,0.0,0.0,0,208.109.192.70,US,0,,,1,1,1,21,1,8,cns2.godaddy.com.,cns1.godaddy.com.,a11-64.akam.net.,a1-245.akam.net.,a20-65.akam.net.,a6-66.akam.net.,a8-67.akam.net.,a9-67.akam.net.,1999-03-02 05:00:00,"['2023-10-26 20:31:51', '2023-10-26 13:05:54']",2032-11-01 11:59:59,"Domains By Proxy, LLC",1.0
casalemedia.com,com,15,11,0,0,0.0,0.0,3.189898095464287,0.0,0.9333333333333333,0.0,0.0,0,104.18.36.155,US,0,,,1,1,1,5,1,2,celine.ns.cloudflare.com.,jonah.ns.cloudflare.com.,,,,,,,2002-10-19 16:42:10,"['2023-09-06 17:03:06', '2023-06-23 12:15:00']",2026-07-16 11:59:59,"Domains By Proxy, LLC",1.0
interclick.com,com,14,10,0,0,0.0,0.0,3.3248629576173574,0.0,0.9285714285714286,0.0,0.0,0,72.52.228.48,US,0,,,1,1,1,1,1,2,ns1.cablecast.ca.,ns2.cablecast.ca.,,,,,,,2002-07-02 12:33:17,"['2023-06-28 00:40:10', '2023-06-27 19:40:08']",2025-07-02 12:38:43,"Domains By Proxy, LLC",1.0
gigya.com,com,9,5,0,0,0.0,0.0,2.94770277922009,0.0,0.8888888888888888,0.0,0.0,0,130.211.203.67,US,0,,,1,1,1,6,1,8,dns1.p01.nsone.net.,dns2.p01.nsone.net.,dns3.p01.nsone.net.,dns4.p01.nsone.net.,ns-1877.awsdns-42.co.uk.,ns-864.awsdns-44.net.,ns-499.awsdns-62.com.,ns-1099.awsdns-09.org.,2006-06-11 10:47:20,"['2021-10-26 04:21:03', '2021-10-26 04:38:14']",2025-10-10 11:59:59,Statutory Masking Enabled,1.0
eqads.com,com,9,5,0,0,0.0,0.0,3.169925001442312,0.0,0.8888888888888888,0.0,0.0,0,74.213.173.116,CA,0,,,1,1,1,2,5,4,ns-cloud-a3.googledomains.com.,ns-cloud-a4.googledomains.com.,ns-cloud-a2.googledomains.com.,ns-cloud-a1.googledomains.com.,,,,,2009-06-10 04:15:10,2023-05-12 06:28:03,2024-06-10 04:15:10,,0.0
p-td.com,com,8,4,0,0,0.0,0.0,3.0,0.0,0.75,0.0,0.14285714285714285,0,63.240.52.252,US,0,,,1,0,1,1,0,4,pdns82.ultradns.net.,pdns82.ultradns.biz.,pdns82.ultradns.org.,pdns82.ultradns.com.,,,,,2010-07-21 15:07:10,"['2023-07-17 05:17:49', '2023-07-17 01:17:49']",2024-07-21 15:07:10,OMD USA INC,1.0
vodahelp.sytes.net,net,18,5,1,8,1.0,8.0,3.5724312513221195,3.0,0.8888888888888888,0.0,0.0,1,194.109.64.131,NL,0,,,0,0,0,0,0,0,,,,,,,,,,,,,
flurry.com,com,10,6,0,0,0.0,0.0,3.1219280948873624,0.0,0.9,0.0,0.0,0,34.225.127.72,US,0,,,1,1,1,4,2,5,ns5.yahoo.com.,ns4.yahoo.com.,ns2.yahoo.com.,ns3.yahoo.com.,ns1.yahoo.com.,,,,1998-05-04 04:00:00,2023-04-01 09:12:47,2024-05-03 04:00:00,Yahoo Ad Tech LLC,1.0
roms-download.com,com,17,13,0,0,0.0,0.0,3.3815804883091634,0.0,0.8823529411764706,0.0,0.0625,1,172.67.156.158,US,1,2606:4700:3031::6815:80d,US,1,1,1,1,2,2,angela.ns.cloudflare.com.,albert.ns.cloudflare.com.,,,,,,,2019-12-10 15:06:25,"['2023-12-11 19:05:16', '2023-12-11 14:05:04']",2024-12-10 15:06:25,"Domains By Proxy, LLC",1.0
geotrust.com,com,12,8,0,0,0.0,0.0,3.2516291673878226,0.0,0.9166666666666666,0.0,0.0,0,45.60.196.209,US,0,,,1,1,1,3,1,8,ns25.digicertdns.net.,ns20.digicertdns.com.,ns0160.secondary.cloudflare.com.,ns23.digicertdns.net.,ns21.digicertdns.com.,ns22.digicertdns.com.,ns24.digicertdns.net.,ns0105.secondary.cloudflare.com.,1999-04-04 05:00:00,"['2023-05-09 22:26:31', '2023-05-10 19:55:51']",2024-04-04 04:00:00,"DigiCert, Inc.",1.0
alecanjan.com,com,13,9,0,0,0.0,0.0,3.0269868333592873,0.0,0.9230769230769231,0.0,0.0,1,172.255.6.131,NL,0,,,0,0,0,0,0,0,,,,,,,,,2022-12-11 21:33:17,2023-12-12 08:38:58,2024-12-11 21:33:17,GLOBAL DOMAIN PRIVACY SERVICES INC,1.0
youtu.be,be,8,5,0,0,0.0,0.0,2.75,0.0,0.875,0.0,0.0,0,142.250.182.110,US,1,2404:6800:4007:81c::200e,AU,1,1,1,1,2,4,ns4.google.com.,ns2.google.com.,ns1.google.com.,ns3.google.com.,,,,,,,,,0.0
sonobi.com,com,10,6,0,0,0.0,0.0,2.8464393446710154,0.0,0.9,0.0,0.0,0,35.215.76.221,US,0,,,1,1,1,1,5,4,dns1.p01.nsone.net.,dns2.p01.nsone.net.,dns3.p01.nsone.net.,dns4.p01.nsone.net.,,,,,2006-11-29 23:19:55,"['2023-11-30 18:47:21', '2023-11-30 13:47:19']",2024-11-29 23:19:55,"Domains By Proxy, LLC",1.0
crashlytics.com,com,15,11,0,0,0.0,0.0,3.4565647621309536,0.0,0.9333333333333333,0.0,0.0,0,216.239.32.29,US,0,,,1,1,1,1,1,4,ns1.google.com.,ns2.google.com.,ns4.google.com.,ns3.google.com.,,,,,2011-01-21 15:30:40,2022-12-20 09:26:44,2024-01-21 15:30:40,Google LLC,1.0
lasvegas-vacations.net,net,22,18,0,0,0.0,0.0,3.5160276412662306,0.0,0.9090909090909091,0.0,0.047619047619047616,1,3.64.163.50,US,0,,,0,0,1,0,0,2,ns1.dan.com.,ns2.dan.com.,,,,,,,2008-11-20 11:57:33,2023-11-21 08:12:54,2024-11-20 11:57:33,REDACTED FOR PRIVACY,1.0
contextweb.com,com,14,10,0,0,0.0,0.0,3.2359263506290334,0.0,0.9285714285714286,0.0,0.0,0,198.148.27.76,US,0,,,1,1,1,5,5,8,ns01.ppointdns.com.,ns02.ppointdns.com.,ns03.ppointdns.com.,ns04.ppointdns.com.,dns1.p02.nsone.net.,dns2.p02.nsone.net.,dns3.p02.nsone.net.,dns4.p02.nsone.net.,2000-03-16 19:26:42,"['2023-01-15 08:03:54', '2023-01-15 08:04:12']",2026-03-16 18:26:42,PulsePoint,1.0
chartbeat.net,net,13,9,0,0,0.0,0.0,3.0269868333592873,0.0,0.9230769230769231,0.0,0.0,0,52.217.254.21,US,0,,,1,1,1,2,7,4,ns-125.awsdns-15.com.,ns-1329.awsdns-38.org.,ns-1726.awsdns-23.co.uk.,ns-905.awsdns-49.net.,,,,,2008-09-26 20:59:20,"['2023-07-28 07:32:52', '2023-07-28 07:33:06']",2024-09-26 20:59:20,Chartbeat,1.0
burstnet.com,com,12,8,0,0,0.0,0.0,3.4182958340544896,0.0,0.9166666666666666,0.0,0.0,0,91.134.244.235,FR,0,,,1,1,1,1,1,2,ns8.secure-is.nl.,ns7.secure-is.nl.,,,,,,,1996-01-26 05:00:00,2023-01-01 16:32:58,2024-01-27 05:00:00,FB Commercials,1.0
solvusoft.com,com,13,9,0,0,0.0,0.0,3.180832987205441,0.0,0.9230769230769231,0.0,0.0,1,54.191.183.106,US,0,,,1,1,1,5,3,4,ns-1528.awsdns-63.org.,ns-1637.awsdns-12.co.uk.,ns-230.awsdns-28.com.,ns-799.awsdns-35.net.,,,,,2011-05-24 15:30:23,"['2023-05-25 12:19:26', '2023-05-25 07:19:23']",2024-05-24 15:30:23,"Domains By Proxy, LLC",1.0
wonfigfig.com,com,13,9,0,0,0.0,0.0,3.085055102756477,0.0,0.9230769230769231,0.0,0.0,1,3.64.163.50,US,0,,,0,0,1,0,0,2,ns1.dan.com.,ns2.dan.com.,,,,,,,2020-01-14 14:05:22,"['2023-02-15 13:46:54', '2023-02-14 06:35:27']",2024-01-14 14:05:22,Privacy service provided by Withheld for Privacy ehf,1.0
windows.com,com,11,7,0,0,0.0,0.0,3.095795255000934,0.0,0.9090909090909091,0.0,0.0,0,20.76.201.171,US,1,2603:1010:3:3::5b,US,1,1,1,3,1,4,ns1-205.azure-dns.com.,ns2-205.azure-dns.net.,ns3-205.azure-dns.org.,ns4-205.azure-dns.info.,,,,,1995-09-11 04:00:00,2023-05-03 11:39:22,2024-06-04 15:52:38,Microsoft Corporation,1.0
